3033,deathgasmthemovie.com,23.91.70.29,US,62729,ASMALLORANGE1
3032,nunuyy3.org,104.21.68.101,,13335,CLOUDFLARENET
3032,uidapi.com,3.133.231.125,US,16509,AMAZON-02
2692,zlib.wiki,172.67.144.42,US,13335,CLOUDFLARENET
2691,cedrat-technologies.com,146.88.234.130,CA,53589,PLANETHOSTER-8
1949,chopinc.ga,195.20.50.208,NL,31624,Verotel International B.V.
1949,newspic.kr,15.165.214.85,KR,16509,AMAZON-02
1948,devlive.ga,195.20.49.8,NL,31624,Verotel International B.V.
1948,onlinevideoconverter.pro,104.26.2.239,US,13335,CLOUDFLARENET
1947,wanmei.com,221.228.74.210,CN,138950,Jiangsu Wuxi International IDC network
2305,worldstarhiphop.com,35.244.199.36,US,15169,GOOGLE
2305,paythe.ga,195.20.49.31,NL,31624,Verotel International B.V.
2304,ekstrabladet.dk,91.214.22.25,DK,50783,JP/Politikens Hus A/S
2304,paradiseinc.ga,104.21.17.130,,13335,CLOUDFLARENET
2303,nowlaneway.ga,195.20.48.196,NL,31624,Verotel International B.V.
2303,zhangshilong.cn,198.44.251.250,US,58658,DXTL
2302,discord.gg,185.60.216.11,IE,32934,FACEBOOK
2302,shinden.pl,104.21.47.210,,13335,CLOUDFLARENET
2302,nicetalk.ga,104.21.37.223,,13335,CLOUDFLARENET
2301,yahoo.com.tw,74.6.136.150,US,26101,YAHOO-BF1
2293,cux6j5pf4x.ga,195.20.55.222,NL,31624,Verotel International B.V.
1606,freepik.es,35.190.81.132,US,15169,GOOGLE
1606,notsonoisy.com,83.166.138.118,CH,29222,Infomaniak Network SA
1605,kompoz2.com,199.59.149.210,US,13414,TWITTER
1602,ny.gov,107.20.176.212,US,14618,AMAZON-AES
1601,liumingye.cn,119.28.54.212,HK,132203,Tencent Building, Kejizhongyi Avenue
1600,otnolatrnup.com,104.19.215.37,,13335,CLOUDFLARENET
1599,livetv.sx,62.182.83.65,UA,30860,Virtual Systems LLC
1598,sap.com,130.214.229.163,US,35039,SAP SE
1597,moviesjoy.to,104.31.16.5,US,13335,CLOUDFLARENET
1597,adrta.com,35.167.91.218,US,16509,AMAZON-02
1216,bongacams.com,195.85.23.89,CZ,209242,Cloudflare London, LLC
1215,bina.az,172.66.40.212,US,13335,CLOUDFLARENET
1214,rmdown.com,104.21.234.157,,13335,CLOUDFLARENET
1213,toparo.cf,104.21.31.186,,13335,CLOUDFLARENET
1213,intentiq.com,185.230.63.171,US,58182,Wix.com Ltd.
1213,pornhat.com,74.86.118.24,US,36351,SOFTLAYER
1212,hdzog.com,172.64.204.26,US,13335,CLOUDFLARENET
1211,ad-delivery.net,104.26.3.70,US,13335,CLOUDFLARENET
1211,jd.hk,202.77.129.30,HK,9925,Powerbase DataCenter Services HK Ltd.
1211,blogdock1.ga,195.20.54.81,NL,31624,Verotel International B.V.
730,mailchimp.com,104.108.74.201,US,16625,AKAMAI-AS
729,kooora.com,104.18.35.17,,13335,CLOUDFLARENET
211,shopee.tw,162.125.2.3,US,19679,DROPBOX
193,notion.so,104.18.7.183,,13335,CLOUDFLARENET
192,shutterstock.com,157.240.12.50,BR,32934,FACEBOOK
191,stackexchange.com,151.101.129.69,US,54113,FASTLY
189,bet365.com,5.226.179.10,GB,209242,Cloudflare London, LLC
188,daum.net,108.160.166.253,US,19679,DROPBOX
187,cloudflare.com,104.16.132.229,,13335,CLOUDFLARENET
186,amazon.fr,52.95.120.39,IE,16509,AMAZON-02
185,op.gg,108.138.17.3,US,16509,AMAZON-02
184,w3schools.com,76.223.115.82,US,16509,AMAZON-02
183,eporner.com,162.125.80.6,JP,19679,DROPBOX
182,wildberries.ru,185.138.254.1,RU,57073,LLC Wildberries
181,pinimg.com,151.101.192.84,US,54113,FASTLY
180,googlevideo.com,104.23.124.189,,13335,CLOUDFLARENET
179,stripe.com,54.187.119.242,US,16509,AMAZON-02
178,google.com.tw,69.171.242.11,US,32934,FACEBOOK
6677,21cnjy.com,117.169.66.187,CN,9808,China Mobile Communications Group Co., Ltd.
6677,mcm.ru,92.53.96.183,RU,9123,TimeWeb Ltd.
6676,publix.com,23.53.201.5,JP,16625,AKAMAI-AS
6675,usgs.gov,137.227.233.178,US,22284,AS22284-DOI-OPS
6674,jpost.com,172.67.11.5,US,13335,CLOUDFLARENET
6673,freieporno.com,172.67.131.33,US,13335,CLOUDFLARENET
6672,barrons.com,13.225.78.15,US,16509,AMAZON-02
6671,flyfrontier.com,204.93.139.91,US,25773,RADWARE-CLOUD-SERVICES
6670,mycimaa.tube,172.67.147.30,US,13335,CLOUDFLARENET
6670,c3tag.com,192.65.229.36,US,62961,BISNET1
6669,myself-bbs.com,95.216.100.232,FI,24940,Hetzner Online GmbH
6668,upbam.org,104.21.72.253,,13335,CLOUDFLARENET
6667,audiomack.com,13.224.189.36,US,16509,AMAZON-02
6666,0cili.org,172.67.193.225,US,13335,CLOUDFLARENET
6665,huntington.com,23.44.51.211,JP,20940,Akamai International B.V.
6664,maemo.org,213.128.137.20,DE,12731,IPHH Internet Port Hamburg GmbH
6664,thefappening.pro,104.27.206.87,US,13335,CLOUDFLARENET
6663,truffle.bid,176.9.31.13,DE,24940,Hetzner Online GmbH
6663,romeo.com,172.64.148.183,US,13335,CLOUDFLARENET
6662,mediaget.com,51.158.184.220,FR,12876,Online S.a.s.
4499,entrepreneur.com,151.101.2.217,US,54113,FASTLY
4484,you1news.com,183.181.81.50,JP,131965,Xserver Inc.
4483,blick.ch,18.158.249.164,DE,16509,AMAZON-02
4481,caliber.az,104.26.0.145,US,13335,CLOUDFLARENET
4480,p-cdn.us,199.116.165.55,US,40428,PANDORA-EQX-SJL
4479,svt.se,194.15.212.169,SE,201641,Sveriges Television Aktiebolag
2298,freelancer.com,54.197.114.87,US,14618,AMAZON-AES
2298,metricbrand.ga,104.21.88.69,,13335,CLOUDFLARENET
2297,mediaquipo.ga,195.20.50.171,NL,31624,Verotel International B.V.
2297,startpage.com,128.121.146.228,US,2914,NTT-LTD-2914
2296,yingjiesheng.com,58.215.120.41,CN,23650,AS Number for CHINANET jiangsu province backbone
2296,gonzochat.ga,172.67.193.205,US,13335,CLOUDFLARENET
2295,fissionnet.ga,195.20.52.208,NL,31624,Verotel International B.V.
2295,cc98.org,192.64.119.35,US,22612,NAMECHEAP-NET
2294,ecovista.ga,172.67.133.240,US,13335,CLOUDFLARENET
2294,theepochtimes.com,103.252.114.101,SG,13414,TWITTER
2293,elementor.com,104.19.182.28,,13335,CLOUDFLARENET
2292,pinterest.com.mx,157.240.12.35,BR,32934,FACEBOOK
2292,bloglia1.ga,195.20.53.189,NL,31624,Verotel International B.V.
2291,bloglaza1.ga,195.20.52.1,NL,31624,Verotel International B.V.
2291,dirtyship.com,108.160.162.115,US,19679,DROPBOX
2290,bestgrounded.ga,195.20.55.30,NL,31624,Verotel International B.V.
2290,priceline.com,151.101.66.186,US,54113,FASTLY
2289,ebscohost.com,140.234.252.103,US,6932,EBSCOPUB
2289,bestdestination1.ga,195.20.53.102,NL,31624,Verotel International B.V.
2288,btbtt15.com,172.67.198.235,US,13335,CLOUDFLARENET
2288,8udo547llo.ga,195.20.55.47,NL,31624,Verotel International B.V.
2287,porngo.tube,104.21.23.212,,13335,CLOUDFLARENET
2283,cyberleninka.ru,94.130.219.154,DE,24940,Hetzner Online GmbH
6159,maryland.gov,13.248.172.205,US,16509,AMAZON-02
6158,kinogo.la,172.67.208.225,US,13335,CLOUDFLARENET
6157,blooket.com,216.239.36.21,US,15169,GOOGLE
6156,radiopaedia.org,172.67.72.247,US,13335,CLOUDFLARENET
6155,bigfuck.tv,108.160.162.115,US,19679,DROPBOX
6154,ebc.net.tw,13.224.189.88,US,16509,AMAZON-02
6153,definicion.de,23.111.184.47,US,29802,HVC-AS
6152,incestflix.win,104.21.233.252,,13335,CLOUDFLARENET
6151,trustedsource.org,161.69.17.128,US,7754,MCAFEE
6150,vumoo.to,104.31.16.6,US,13335,CLOUDFLARENET
6149,quotev.com,154.83.15.45,US,142403,YISU CLOUD LTD
5610,silverundergofold.com,192.243.59.20,US,39572,DataWeb Global Group B.V.
5609,contagiousantagonizequarry.com,192.243.59.20,US,39572,DataWeb Global Group B.V.
5609,mepsfpx.com.my,104.19.160.49,,13335,CLOUDFLARENET
5608,pushnetwork.com,3.22.85.226,US,16509,AMAZON-02
5608,getfvid.com,172.67.140.223,US,13335,CLOUDFLARENET
5607,krushmedia.com,104.196.235.64,US,396982,GOOGLE-CLOUD-PLATFORM
5607,officedepot.com,104.76.4.149,JP,16625,AKAMAI-AS
5606,quovadisglobal.com,45.60.195.203,US,19551,INCAPSULA
5606,suny.edu,104.18.35.192,,13335,CLOUDFLARENET
5605,xn--5hqx9equq.com,104.21.29.129,,13335,CLOUDFLARENET
5604,nbblog.jp,172.67.188.72,US,13335,CLOUDFLARENET
5603,chinagwyw.org,47.111.157.23,CN,37963,Hangzhou Alibaba Advertising Co.,Ltd.
5602,ceiea.com,112.29.170.44,CN,9808,China Mobile Communications Group Co., Ltd.
5601,addmefast.com,172.67.14.3,US,13335,CLOUDFLARENET
5599,essayusa.com,104.21.55.181,,13335,CLOUDFLARENET
5599,yout.com,128.242.240.117,US,2914,NTT-LTD-2914
5598,legit.ng,184.25.56.170,US,20940,Akamai International B.V.
5597,appboy.com,151.101.2.49,US,54113,FASTLY
5597,shodan.io,104.18.12.238,,13335,CLOUDFLARENET
5595,sezane.com,13.225.78.104,US,16509,AMAZON-02
5594,bflix.gg,172.67.199.241,US,13335,CLOUDFLARENET
5593,it1352.com,154.85.51.110,US,55967,Beijing Baidu Netcom Science and Technology Co., Ltd.
5592,ssstwitter.com,104.26.4.149,US,13335,CLOUDFLARENET
5591,teaserfast.ru,185.26.97.253,DE,44066,firstcolo GmbH
5590,webflow.io,34.236.180.178,US,14618,AMAZON-AES
5588,perfectmoney.is,93.115.95.84,GB,3223,Voxility LLP
5067,cairn.info,185.34.32.93,FR,28855,Octopuce s.a.r.l.
5066,qaynarinfo.az,104.21.48.217,,13335,CLOUDFLARENET
5065,pingan.com,202.69.26.11,CN,23848,Shenzhen Ping An Communication Technology Co.,Ltd
5064,e-chinalife.com,210.22.95.68,CN,17621,China Unicom Shanghai network
5048,pssy.xyz,23.235.244.226,US,20454,SSASN2
5047,assoc-amazon.jp,207.171.181.140,US,16509,AMAZON-02
5047,hdfull.work,172.67.132.150,US,13335,CLOUDFLARENET
5046,incues.com,3.227.110.161,US,14618,AMAZON-AES
5045,gotquestions.org,69.61.58.206,US,22653,GLOBALCOMPASS
5044,papajohns.com,23.194.238.61,JP,16625,AKAMAI-AS
4060,springernature.com,195.128.8.101,NL,211769,Springer Nature B.V.
4060,aurorafond.ru,31.31.198.49,RU,197695,Domain names registrar REG.RU, Ltd
4059,radiotargoviste.ro,89.36.140.91,RO,50939,Space Ro SRL
4059,verywellmind.com,151.101.194.137,US,54113,FASTLY
4058,vjdominion.pl,87.98.239.19,PL,16276,OVH SAS
4058,hdarea.co,37.221.199.194,DE,197540,netcup GmbH
4057,klekotownia.pl,94.152.157.67,PL,29522,Cyber_Folks S.A.
4057,lcwaikiki.com,95.101.23.216,AT,20940,Akamai International B.V.
4056,nbabite.com,104.21.36.40,,13335,CLOUDFLARENET
4055,furuimedical.com,141.101.122.175,,13335,CLOUDFLARENET
4055,daniel-baker.photography,172.67.151.72,US,13335,CLOUDFLARENET
4054,kinokrad.cc,82.221.128.149,IS,50613,Advania Island ehf
4054,2020.webassembly-summit.org,104.198.14.52,US,396982,GOOGLE-CLOUD-PLATFORM
3780,galge.fun,216.24.190.117,US,21887,FIBER-LOGIC
3779,wedream4u.com,82.98.134.177,ES,42612,DinaHosting S.L.
3779,pangzitv.com,172.67.132.18,US,13335,CLOUDFLARENET
3778,voxpopgov.com,89.34.18.185,US,201682,Liquid Web B.V.
3778,vxxx.com,173.244.209.150,US,13213,UK-2 Limited
3777,bitmart.com,199.59.150.43,US,13414,TWITTER
3777,vomartileskennel.com,64.139.147.173,US,13645,BROADBANDONE
3776,mercadolibre.cl,143.204.215.19,US,16509,AMAZON-02
3776,trevordickband.com,66.113.178.222,US,14280,NETNATION
3775,tiniesthouseintheworld.com,199.34.228.50,US,27647,WEEBLY
3775,otomoto.pl,75.2.8.141,US,16509,AMAZON-02
3774,thevoluntarybutlerscheme.com,83.171.239.209,DE,201206,Droptop GmbH
3774,faponic.com,172.67.155.5,US,13335,CLOUDFLARENET
3773,talyagasolan.com,67.227.199.125,US,32244,LIQUIDWEB
3757,8muses.com,69.171.242.11,US,32934,FACEBOOK
3756,leonfresh.com,185.27.134.55,GB,34119,Wildcard UK Limited
3756,sponichi.co.jp,210.140.236.90,JP,4694,IDC Frontier Inc.
3755,mercury.com,104.18.34.168,,13335,CLOUDFLARENET
3755,langdevopps.com,74.208.236.165,US,8560,IONOS SE
3754,aramex.com,204.74.99.100,US,397213,ULTRADNS
3754,ddns.net,158.247.7.206,US,14627,NOIP-VITAL
3754,keltruckscania.com,46.101.10.55,GB,14061,DIGITALOCEAN-ASN
3753,square.site,76.223.91.57,US,16509,AMAZON-02
3753,k9swx.com,45.79.8.166,US,63949,Linode, LLC
3752,lanzouo.com,121.41.56.139,CN,37963,Hangzhou Alibaba Advertising Co.,Ltd.
3751,gozasse.com,59.106.19.152,JP,9370,SAKURA Internet Inc.
3751,tribunnews.com,13.224.189.118,US,16509,AMAZON-02
3750,anilist.co,104.26.15.71,US,13335,CLOUDFLARENET
3750,gongonrecords.com,157.7.107.202,JP,7506,GMO Internet,Inc
1198,lazada.com.ph,47.246.167.254,US,45102,Alibaba US Technology Co., Ltd.
1197,bitchute.com,104.244.46.208,US,13414,TWITTER
1196,lemonde.fr,104.244.46.5,US,13414,TWITTER
1195,churchofjesuschrist.org,216.49.176.20,US,19648,LDSCHURCH1
1193,semrush.com,34.120.45.191,US,396982,GOOGLE-CLOUD-PLATFORM
1181,strivenow.ga,195.20.54.55,NL,31624,Verotel International B.V.
1181,xozilla.com,210.56.51.192,HK,38197,Sun Network Hong Kong Limited - HongKong Backbone
1180,brightspace.com,35.81.219.77,US,16509,AMAZON-02
1179,mundodeportivo.com,51.68.114.63,FR,16276,OVH SAS
1178,tenor.com,108.160.169.181,US,19679,DROPBOX
3370,12tradepro.com,162.241.190.99,US,19871,NETWORK-SOLUTIONS-HOSTING
3369,mycralawyers.com.au,206.51.239.103,US,29802,HVC-AS
3368,kosbasket.at,85.13.129.151,DE,34788,Neue Medien Muennich GmbH
3368,dxy.cn,112.124.103.79,CN,37963,Hangzhou Alibaba Advertising Co.,Ltd.
3358,flamescans.org,172.67.217.241,US,13335,CLOUDFLARENET
3358,grillmais.de,217.160.0.232,DE,8560,IONOS SE
3357,blaupause-gesundheit.de,185.26.156.63,DE,205766,Jonas Pasche
3357,pswec.com,174.129.25.170,US,14618,AMAZON-AES
3357,bizrate.com,192.138.218.95,US,14332,SHOPZILLA
3356,ikco.ir,185.143.234.110,IR,202468,Noyan Abr Arvan Co. ( Private Joint Stock)
3356,ufodc.com,72.4.147.139,US,3064,AFFINITY-FTL
3355,sweetwater.com,151.101.130.133,US,54113,FASTLY
3350,agrimetsoft.com,5.9.146.174,DE,24940,Hetzner Online GmbH
3349,zhenniuw.com,103.100.209.189,HK,142403,YISU CLOUD LTD
3349,tv1.bg,91.132.60.35,BG,44901,Belcloud LTD
3348,o2tvseries.com,104.21.58.142,,13335,CLOUDFLARENET
3347,ssstik.io,104.26.6.23,US,13335,CLOUDFLARENET
3347,dipolnet.ro,62.121.130.38,PL,15541,CETI s.c.
3030,mreader.co,104.26.5.197,US,13335,CLOUDFLARENET
3017,menajeriestudio.com,198.49.23.145,US,53831,SQUARESPACE
3016,bleepinjeep.com,34.82.132.54,US,396982,GOOGLE-CLOUD-PLATFORM
2647,yc-tp.com,172.67.172.204,US,13335,CLOUDFLARENET
2647,lifewire.com,151.101.194.137,US,54113,FASTLY
1573,thaudray.com,139.45.197.237,GB,9002,RETN Limited
1572,apkcombo.com,208.101.60.87,US,36351,SOFTLAYER
1571,theridechannel.com,15.197.142.173,US,16509,AMAZON-02
1571,united.com,104.84.199.190,HK,16625,AKAMAI-AS
1570,errors.net,172.67.209.6,US,13335,CLOUDFLARENET
1569,gitbook.io,172.64.151.241,US,13335,CLOUDFLARENET
1568,beleggenvoorbeginners24.nl,172.67.168.10,US,13335,CLOUDFLARENET
1568,indianexpress.com,23.32.197.227,CO,16625,AKAMAI-AS
1567,justdial.com,23.7.13.106,CO,16625,AKAMAI-AS
1566,haberturk.com,108.160.163.116,US,19679,DROPBOX
1566,operaphila.org,104.26.0.119,US,13335,CLOUDFLARENET
1565,oneindia.com,74.86.118.24,US,36351,SOFTLAYER
1564,pixlr.com,18.66.112.52,US,16509,AMAZON-02
1563,furiousfar.com,192.243.61.227,US,39572,DataWeb Global Group B.V.
1562,celebjihad.com,202.160.130.145,SG,13414,TWITTER
1561,tianya.cn,124.225.206.22,CN,4134,Chinanet
1560,setdancingnews.net,45.138.230.204,NL,206238,Freedom Internet BV
1560,faloo.com,117.74.64.72,CN,4837,CHINA UNICOM China169 Backbone
1559,vitalsource.com,104.17.82.55,,13335,CLOUDFLARENET
1558,faucetpay.io,104.26.6.235,US,13335,CLOUDFLARENET
1557,leboncoin.fr,13.225.78.91,US,16509,AMAZON-02
1556,sinoptik.ua,212.42.76.150,UA,8856,UkrNet Ltd.
1555,jr-art.net,52.47.46.211,FR,16509,AMAZON-02
1555,itellyou.cn,125.65.113.252,CN,4134,Chinanet
1554,freestreams-live1.com,104.27.203.88,US,13335,CLOUDFLARENET
1553,javhub.net,202.160.128.14,SG,13414,TWITTER
1553,onlineoptimal.ga,104.21.78.39,,13335,CLOUDFLARENET
1552,dangdang.com,221.122.104.41,CN,4808,China Unicom Beijing Province Network
1940,cultivatewow.ga,195.20.49.179,NL,31624,Verotel International B.V.
1940,ouedkniss.com,51.91.31.29,FR,16276,OVH SAS
1939,subversiveelement.com,103.224.182.251,AU,133618,Trellian Pty. Limited
1939,truecaller.com,15.207.140.82,IN,16509,AMAZON-02
1924,chasemedia.ga,104.21.19.179,,13335,CLOUDFLARENET
1924,whatismyipaddress.com,104.16.155.36,,13335,CLOUDFLARENET
1923,haqqin.az,104.26.11.49,US,13335,CLOUDFLARENET
1923,therating.ga,172.67.220.150,US,13335,CLOUDFLARENET
1922,4allmemory.com,34.202.122.216,US,14618,AMAZON-AES
1922,free.fr,212.27.48.10,FR,12322,Free SAS
1921,aftonbladet.se,35.71.185.87,US,16509,AMAZON-02
1921,sunflykaraoke.com,104.26.15.101,US,13335,CLOUDFLARENET
1920,tvpixel.com,198.185.159.145,US,53831,SQUARESPACE
1920,theqoo.net,184.173.136.86,US,36351,SOFTLAYER
1920,rpgland.com,69.163.153.226,US,26347,DREAMHOST-AS
1919,onlineable.ga,195.20.50.220,NL,31624,Verotel International B.V.
1919,creaders.net,104.244.46.9,US,13414,TWITTER
1918,p4z9odban8.ga,195.20.51.62,NL,31624,Verotel International B.V.
1918,turbobit.net,31.13.87.33,TW,32934,FACEBOOK
1915,etoro.com,23.76.66.117,HK,16625,AKAMAI-AS
1915,tyrantnew.ga,195.20.53.234,NL,31624,Verotel International B.V.
1914,alllessons1.ga,195.20.53.133,NL,31624,Verotel International B.V.
1914,sinchew.com.my,168.143.171.189,US,2914,NTT-LTD-2914
1913,directionbrand.ga,104.21.77.131,,13335,CLOUDFLARENET
1913,jiemian.com,123.59.198.196,CN,4808,China Unicom Beijing Province Network
1912,mosreg.ru,185.169.155.145,RU,201706,Servicepipe LLC
1912,altorg.ga,195.20.51.30,NL,31624,Verotel International B.V.
1904,culturewww.ga,172.67.155.87,US,13335,CLOUDFLARENET
1903,uulyb7fiqx.cf,195.20.50.85,NL,31624,Verotel International B.V.
1903,starplus.com,54.218.188.255,US,16509,AMAZON-02
1902,boredpanda.com,52.70.141.122,US,14618,AMAZON-AES
1902,bestelegant.ga,195.20.48.139,NL,31624,Verotel International B.V.
1901,hbtv.com.cn,47.110.172.106,CN,37963,Hangzhou Alibaba Advertising Co.,Ltd.
1901,allybrand.ga,195.20.49.25,NL,31624,Verotel International B.V.
683,qualtrics.com,50.17.152.14,US,14618,AMAZON-AES
682,proton.me,69.30.25.21,US,6423,DF-BVR01
681,weebly.com,74.115.50.109,US,27647,WEEBLY
680,lectortmo.com,104.26.14.85,US,13335,CLOUDFLARENET
679,syosetu.com,31.13.112.9,IE,32934,FACEBOOK
678,right.com.cn,122.226.191.231,CN,4134,Chinanet
677,streamtape.com,172.67.172.170,US,13335,CLOUDFLARENET
676,game8.jp,54.64.9.208,JP,16509,AMAZON-02
675,coingecko.com,162.125.32.15,US,19679,DROPBOX
673,rubika.ir,5.106.8.151,IR,197207,Mobile Communication Company of Iran PLC
672,zcool.com.cn,182.92.229.41,CN,37963,Hangzhou Alibaba Advertising Co.,Ltd.
671,mydrivers.com,123.206.6.193,CN,45090,Shenzhen Tencent Computer Systems Company Limited
670,visualstudio.com,13.107.42.18,US,8068,MICROSOFT-CORP-MSN-AS-BLOCK
669,91porn.com,157.240.12.5,BR,32934,FACEBOOK
648,flaticon.com,34.149.47.137,US,15169,GOOGLE
647,leetcode.com,172.67.72.213,US,13335,CLOUDFLARENET
646,gsmarena.com,148.251.96.211,DE,24940,Hetzner Online GmbH
645,mgtv.com,120.132.47.197,CN,4808,China Unicom Beijing Province Network
644,nypost.com,173.236.212.42,US,26347,DREAMHOST-AS
643,cnr.cn,220.181.79.10,CN,23724,IDC, China Telecommunications Corporation
642,hatenablog.com,54.199.90.60,JP,16509,AMAZON-02
641,seznam.cz,77.75.77.222,CZ,43037,Seznam.cz, a.s.
640,intel.com,13.91.95.74,US,8075,MICROSOFT-CORP-MSN-AS-BLOCK
639,423down.com,45.151.132.50,US,201106,Spartan Host Ltd
638,xfinity.com,68.87.41.40,US,7922,COMCAST-7922
637,uptobox.com,172.67.29.218,US,13335,CLOUDFLARENET
636,afreecatv.com,218.38.31.230,KR,9318,SK Broadband Co Ltd
635,yieldmo.com,35.208.29.238,US,15169,GOOGLE
6660,kisskh.me,104.21.19.231,,13335,CLOUDFLARENET
6659,newsbangla24.com,104.22.18.205,,13335,CLOUDFLARENET
6658,geni.us,139.180.203.10,JP,20473,AS-CHOOPA
6658,accurateappraisals.com,18.213.154.249,US,14618,AMAZON-AES
6657,videa.hu,46.107.16.54,HU,5483,Magyar Telekom plc.
6656,emag.hu,46.174.146.20,RO,47388,Dante International SA
6655,google.com.do,199.59.148.89,US,13414,TWITTER
6655,sloan.org,167.172.15.109,US,14061,DIGITALOCEAN-ASN
6654,olx.uz,195.158.29.153,UZ,8193,Uzbektelekom Joint Stock Company
6653,adroll.com,34.213.106.51,US,16509,AMAZON-02
6652,chongbuluo.com,47.110.173.133,CN,37963,Hangzhou Alibaba Advertising Co.,Ltd.
6651,rasthaber.com,93.90.192.149,GB,8560,IONOS SE
6650,infolinks.com,172.66.42.247,US,13335,CLOUDFLARENET
6649,rule34.us,119.28.87.227,HK,132203,Tencent Building, Kejizhongyi Avenue
6649,cirex.ru,185.215.4.16,RU,57724,Ddos-guard Ltd
6648,theiconic.com.au,104.17.82.94,,13335,CLOUDFLARENET
6646,sophos.com,104.69.253.229,US,16625,AKAMAI-AS
6645,storkapp.me,47.57.188.231,HK,45102,Alibaba US Technology Co., Ltd.
6644,citethisforme.com,99.86.4.26,US,16509,AMAZON-02
6643,cutout.pro,34.223.252.197,US,16509,AMAZON-02
6642,freepornhdonlinegay.com,104.21.56.105,,13335,CLOUDFLARENET
6641,seattletimes.com,54.148.136.186,US,16509,AMAZON-02
6640,xxxbule.com,213.174.158.212,US,39572,DataWeb Global Group B.V.
6638,cmegroup.com,23.7.143.5,US,16625,AKAMAI-AS
6638,makemillions.com,35.247.81.91,US,396982,GOOGLE-CLOUD-PLATFORM
6637,kumparan.com,31.13.94.36,AR,32934,FACEBOOK
6636,icon-icons.com,151.106.39.238,FR,34088,Host Europe GmbH
203,amazon.es,54.239.33.90,IE,16509,AMAZON-02
202,chinaz.com,117.25.139.77,CN,133775,Xiamen
200,pexels.com,104.17.209.102,,13335,CLOUDFLARENET
199,samsung.com,211.45.27.231,KR,6619,SamsungSDS Inc.
198,nicovideo.jp,199.96.58.157,US,13414,TWITTER
197,chegg.com,143.204.215.65,US,16509,AMAZON-02
196,ikea.com,104.127.205.124,JP,16625,AKAMAI-AS
195,shopify.com,162.159.129.71,,13335,CLOUDFLARENET
194,livejasmin.com,31.13.94.36,AR,32934,FACEBOOK
160,ifeng.com,82.156.59.186,CN,45090,Shenzhen Tencent Computer Systems Company Limited
159,espncricinfo.com,18.138.202.196,SG,16509,AMAZON-02
158,theguardian.com,74.86.12.173,US,36351,SOFTLAYER
157,behance.net,88.191.249.182,FR,12322,Free SAS
156,chsi.com.cn,36.110.136.74,CN,23724,IDC, China Telecommunications Corporation
155,pconline.com.cn,183.61.120.237,CN,4134,Chinanet
154,gosuslugi.ru,213.59.254.7,RU,12389,Rostelecom
153,trendyol.com,104.18.174.21,,13335,CLOUDFLARENET
152,tistory.com,211.249.221.185,KR,7625,Kakao Corp
151,amazon.it,52.95.120.36,IE,16509,AMAZON-02
150,google.co.jp,202.160.130.66,SG,13414,TWITTER
149,feishu.cn,220.243.190.122,CN,4808,China Unicom Beijing Province Network
148,yandex.com,5.255.255.88,RU,13238,YANDEX LLC
147,fc2.com,52.24.210.231,US,16509,AMAZON-02
146,speedtest.net,151.101.194.219,US,54113,FASTLY
116,sharepoint.com,13.107.9.168,US,8068,MICROSOFT-CORP-MSN-AS-BLOCK
115,xiaohongshu.com,49.234.160.100,CN,45090,Shenzhen Tencent Computer Systems Company Limited
114,digikala.com,185.188.104.10,IR,43211,Noavaran Fan Avazeh Co. PJS
113,amazonaws.com,207.171.166.22,US,16509,AMAZON-02
112,ali213.net,222.187.254.116,CN,4134,Chinanet
111,walmart.com,161.170.232.170,US,46313,WAL-MART4
110,smzdm.com,106.75.126.245,CN,9808,China Mobile Communications Group Co., Ltd.
109,flipkart.com,163.53.78.110,IN,9752,Flipkart Internet Pvt Ltd
108,cnn.com,151.101.131.5,US,54113,FASTLY
107,wordpress.com,192.0.78.9,US,2635,AUTOMATTIC
106,stripchat.com,31.13.90.33,IE,32934,FACEBOOK
105,nytimes.com,108.160.162.31,US,19679,DROPBOX
104,discord.com,104.244.46.93,US,13414,TWITTER
103,chaturbate.com,184.72.1.148,US,16509,AMAZON-02
102,ilovepdf.com,104.20.0.94,,13335,CLOUDFLARENET
101,freepik.com,35.190.81.132,US,15169,GOOGLE
100,jianshu.com,47.92.108.93,CN,37963,Hangzhou Alibaba Advertising Co.,Ltd.
99,avito.ru,146.158.48.24,CZ,201012,KEH eCommerce LLC
98,mediafire.com,104.16.53.48,,13335,CLOUDFLARENET
97,instructure.com,151.101.66.132,US,54113,FASTLY
96,doubleclick.net,172.217.163.46,US,15169,GOOGLE
96,msedge.net,204.79.197.197,US,8068,MICROSOFT-CORP-MSN-AS-BLOCK
95,nih.gov,156.40.212.210,US,3527,NIH-NET
94,hotstar.com,65.9.66.73,US,16509,AMAZON-02
93,indeed.com,162.159.129.67,,13335,CLOUDFLARENET
92,espn.com,13.225.78.47,US,16509,AMAZON-02
91,booking.com,5.57.16.220,NL,43996,Booking.com BV
90,t.me,149.154.167.99,GB,62041,Telegram Messenger Inc
89,360.cn,36.99.170.84,CN,137687,Luoyang, Henan Province, P.R.China.
88,pixiv.net,31.13.106.4,IE,32934,FACEBOOK
6119,freejobalert.com,104.26.12.84,US,13335,CLOUDFLARENET
6118,managertoday.com.tw,54.95.233.193,JP,16509,AMAZON-02
6117,cdntechone.com,104.21.29.183,,13335,CLOUDFLARENET
6116,ruanwen5.cn,106.15.204.63,CN,37963,Hangzhou Alibaba Advertising Co.,Ltd.
6114,geico.com,45.60.106.141,US,19551,INCAPSULA
6113,w3cschool.cn,120.79.88.157,CN,37963,Hangzhou Alibaba Advertising Co.,Ltd.
6113,taplytics.com,104.18.174.46,,13335,CLOUDFLARENET
6112,znj.com,106.14.162.165,CN,37963,Hangzhou Alibaba Advertising Co.,Ltd.
6111,wangchao.net.cn,121.5.44.182,CN,45090,Shenzhen Tencent Computer Systems Company Limited
6110,hespress.com,104.18.22.196,,13335,CLOUDFLARENET
6109,impact.com,104.18.168.94,,13335,CLOUDFLARENET
6108,boss.az,172.67.67.94,US,13335,CLOUDFLARENET
6107,myshared.ru,136.243.147.61,DE,24940,Hetzner Online GmbH
6106,koreanz12.xyz,172.67.172.249,US,13335,CLOUDFLARENET
6105,go-go.tech,185.5.139.12,RU,47764,LLC VK
6104,lytics.io,172.67.73.236,US,13335,CLOUDFLARENET
6104,9anime.id,172.67.222.80,US,13335,CLOUDFLARENET
6103,kink.com,199.16.156.75,US,13414,TWITTER
6102,tracker.gg,104.18.23.224,,13335,CLOUDFLARENET
6101,deriv.com,172.66.43.100,US,13335,CLOUDFLARENET
6100,nespresso.com,69.192.46.250,US,16625,AKAMAI-AS
6099,chevening.org,172.67.175.120,US,13335,CLOUDFLARENET
6098,wistia.com,151.101.2.110,US,54113,FASTLY
6097,concordia.ca,132.205.244.185,CA,376,RISQ-AS
6096,workable.com,104.17.163.47,,13335,CLOUDFLARENET
6095,sfu.ca,142.58.103.17,CA,11105,SFU-AS
6094,motogp.com,54.171.236.43,IE,16509,AMAZON-02
5582,dood.la,104.26.0.94,US,13335,CLOUDFLARENET
5581,pastelink.net,89.35.29.15,GB,25369,Hydra Communications Ltd
5580,igg.me,35.190.49.209,US,15169,GOOGLE
5580,applvn.com,141.193.213.20,US,209242,Cloudflare London, LLC
5580,zettai-ero.com,110.50.96.94,JP,2519,ARTERIA Networks Corporation
5579,ryze.com,52.205.126.129,US,14618,AMAZON-AES
5579,pandia.ru,159.69.68.209,DE,24940,Hetzner Online GmbH
5578,jjang0u.com,222.239.176.204,KR,45370,BROADBANDIDC
5577,page.link,172.217.163.33,US,15169,GOOGLE
5563,sfacg.com,120.76.27.74,CN,37963,Hangzhou Alibaba Advertising Co.,Ltd.
5562,femefun.com,104.244.46.17,US,13414,TWITTER
5561,bnf.fr,194.199.8.109,FR,2200,Renater
5560,yemeksepeti.com,104.17.1.51,,13335,CLOUDFLARENET
5558,stopdesign.com,104.21.1.160,,13335,CLOUDFLARENET
5557,newsbreak.com,31.13.91.6,NL,32934,FACEBOOK
5556,later.com,75.2.60.5,US,16509,AMAZON-02
5555,macworld.com,192.0.66.208,US,2635,AUTOMATTIC
5554,scribbr.com,172.67.70.5,US,13335,CLOUDFLARENET
5553,updatestar.com,91.250.81.8,FR,8972,Host Europe GmbH
5552,bdstatic.com,220.181.38.251,CN,23724,IDC, China Telecommunications Corporation
5551,skysmart.ru,178.248.234.206,RU,197068,HLL LLC
5550,nordstromrack.com,151.101.78.132,HK,54113,FASTLY
5028,topwar.ru,172.67.75.197,US,13335,CLOUDFLARENET
5027,french-stream.re,172.67.141.79,US,13335,CLOUDFLARENET
5026,webinarjam.com,104.16.246.28,,13335,CLOUDFLARENET
5025,xkw.com,47.110.190.212,CN,37963,Hangzhou Alibaba Advertising Co.,Ltd.
5024,sgamer.com,124.71.60.206,CN,55990,Huawei Cloud Service data center
5023,a8.net,3.112.114.59,JP,16509,AMAZON-02
5023,hyperborea.org,208.97.180.152,US,26347,DREAMHOST-AS
5022,tjupt.org,104.21.62.178,,13335,CLOUDFLARENET
5021,soap2day.sh,104.31.16.4,US,13335,CLOUDFLARENET
5020,navdmp.com,104.16.15.243,,13335,CLOUDFLARENET
5020,tamilyogi.tube,45.178.6.138,CO,64122,SWISS GLOBAL SERVICES S.A.S
5019,abzarwp.com,178.216.251.244,IR,43754,Asiatech Data Transmission company
5019,cashloanusa.net,199.192.16.129,US,22612,NAMECHEAP-NET
5018,arstechnica.com,3.22.179.104,US,16509,AMAZON-02
5017,readmoo.com,8.7.198.45,US,3356,LEVEL3
5016,sheypoor.com,79.175.191.74,IR,25184,Afranet
5015,foursquare.com,151.101.66.132,US,54113,FASTLY
5014,diyiziti.com,120.77.65.147,CN,37963,Hangzhou Alibaba Advertising Co.,Ltd.
5013,duke.edu,152.3.72.197,US,13371,DUKE-INTERCHANGE
5012,kajabi.com,52.11.45.250,US,16509,AMAZON-02
5011,sportsurge.net,172.67.130.72,US,13335,CLOUDFLARENET
4052,netsuite.com,141.148.134.193,US,31898,ORACLE-BMC-31898
3758,kufar.by,134.17.17.170,BY,25106,Mobile TeleSystems JLLC
3757,max64.com,92.205.15.154,FR,21499,Host Europe GmbH
3749,garybuseypetjudge.com,198.185.159.145,US,53831,SQUARESPACE
3749,pokemondb.net,104.26.5.191,US,13335,CLOUDFLARENET
3748,fuzzywuzzyanipals.com,37.48.65.148,NL,60781,LeaseWeb Netherlands B.V.
3748,leparisien.fr,3.126.230.251,DE,16509,AMAZON-02
3747,arbitr.ru,84.42.111.141,RU,12389,Rostelecom
3746,proxysite.com,8.7.198.45,US,3356,LEVEL3
3745,cna.com.tw,103.97.3.19,HK,142403,YISU CLOUD LTD
3745,drturnwald.com,45.76.27.190,US,20473,AS-CHOOPA
3744,mathway.com,52.27.144.219,US,16509,AMAZON-02
3744,drgregpyle.com,45.76.27.190,US,20473,AS-CHOOPA
3743,xxxstreams.org,104.21.78.170,,13335,CLOUDFLARENET
3743,douglasdeitch.com,15.197.142.173,US,16509,AMAZON-02
3742,djparadiddle.com,103.224.182.253,AU,133618,Trellian Pty. Limited
3742,kiwi.com,104.16.155.166,,13335,CLOUDFLARENET
3741,desatascosensansebastiandelosreyes.com,185.222.156.61,ES,50926,Axarnet Comunicaciones, S.l.
3741,caiyunapp.com,139.129.106.176,CN,37963,Hangzhou Alibaba Advertising Co.,Ltd.
3740,reactjs.org,76.76.21.21,US,16509,AMAZON-02
3740,desatascosenmajadahonda.com,5.196.208.106,FR,16276,OVH SAS
3739,desatascosencolladovillalba.com,137.74.96.88,FR,16276,OVH SAS
3739,findlaw.cn,203.107.55.10,CN,37963,Hangzhou Alibaba Advertising Co.,Ltd.
3738,desatascosenaranjuez.com,185.66.175.38,ES,50926,Axarnet Comunicaciones, S.l.
3737,sportybet.com,52.59.187.18,DE,16509,AMAZON-02
3737,commoncoreheadphones.com,198.204.229.44,US,33387,NOCIX
3736,breatheeasywithus.com,217.160.0.70,DE,8560,IONOS SE
3736,censor.net,104.22.72.106,,13335,CLOUDFLARENET
3735,downloadtorrentfile.com,104.21.63.91,,13335,CLOUDFLARENET
3735,bestadulthookup.com,104.21.51.143,,13335,CLOUDFLARENET
3734,manhuamanhwa.com,104.26.11.149,US,13335,CLOUDFLARENET
3734,married-dating.org,104.21.67.232,,13335,CLOUDFLARENET
3733,hudl.com,34.198.76.94,US,14618,AMAZON-AES
4467,sparknotes.com,161.221.74.213,US,39960,BARNES-AND-NOBLE
4466,mangarawjp.io,185.145.245.121,LV,42532,SIA VEESP
4465,mfpud.com,64.64.237.152,US,21887,FIBER-LOGIC
4463,mailorderbridesadvisor.com,104.21.45.26,,13335,CLOUDFLARENET
4463,france24.com,23.67.26.175,CO,16625,AKAMAI-AS
4462,clideo.com,88.99.28.182,DE,24940,Hetzner Online GmbH
4461,computerhope.com,104.20.18.53,,13335,CLOUDFLARENET
4460,gatech.edu,3.214.16.8,US,14618,AMAZON-AES
4459,gomovies.sx,104.21.12.43,,13335,CLOUDFLARENET
4457,yts1.us,157.245.201.11,SG,14061,DIGITALOCEAN-ASN
4456,6park.com,54.234.18.200,US,14618,AMAZON-AES
4455,zappos.com,52.38.151.45,US,16509,AMAZON-02
4447,vpnoverview.com,172.67.70.80,US,13335,CLOUDFLARENET
4445,sc-jpl.com,216.239.34.21,US,15169,GOOGLE
4445,runescape.com,91.235.140.148,GB,44521,Jagex Limited
4444,vipergirls.to,104.27.202.88,US,13335,CLOUDFLARENET
4443,onedio.com,51.222.241.61,CA,16276,OVH SAS
4442,yomiuri.co.jp,69.171.247.32,US,32934,FACEBOOK
4441,nnmclub.to,172.67.161.245,US,13335,CLOUDFLARENET
3011,idech.co.jp,52.194.47.83,JP,16509,AMAZON-02
3011,mashable.com,104.18.36.143,,13335,CLOUDFLARENET
3011,knt9.xyz,92.63.195.7,RU,29182,JSC IOT
3010,wakki001.com,157.112.176.49,JP,131965,Xserver Inc.
3010,virginmedia.com,213.105.9.24,GB,5089,Virgin Media Limited
3009,worldcat.org,75.126.135.131,US,36351,SOFTLAYER
3009,noproblematapes.com,50.87.253.191,US,46606,UNIFIEDLAYER-AS-1
234,zhibo8.cc,47.97.117.216,CN,37963,Hangzhou Alibaba Advertising Co.,Ltd.
233,icourse163.org,223.252.199.73,CN,45062,NetEase Building No.16 Ke Yun Road
232,yts.mx,104.31.16.120,US,13335,CLOUDFLARENET
232,gov.uk,151.101.0.144,US,54113,FASTLY
231,trello.com,104.192.137.9,US,16509,AMAZON-02
230,google.ca,199.59.148.246,US,13414,TWITTER
229,toutiao.com,122.14.229.39,CN,23724,IDC, China Telecommunications Corporation
228,e-hentai.org,104.244.43.234,US,54113,FASTLY
227,apple.com.cn,17.253.144.10,US,714,APPLE-ENGINEERING
226,youporn.com,31.13.83.34,ES,32934,FACEBOOK
144,book118.com,222.187.225.118,CN,4134,Chinanet
143,savefrom.net,141.95.84.55,FR,16276,OVH SAS
142,y2mate.com,154.85.102.32,DE,9009,M247 Europe SRL
142,fbcdn.net,157.240.3.35,US,32934,FACEBOOK
141,ozon.ru,162.159.128.64,,13335,CLOUDFLARENET
140,google.ru,104.244.46.52,US,13414,TWITTER
139,hupu.com,114.55.187.22,CN,37963,Hangzhou Alibaba Advertising Co.,Ltd.
138,alibaba.com,203.119.215.82,CN,37963,Hangzhou Alibaba Advertising Co.,Ltd.
137,quizlet.com,104.16.15.221,,13335,CLOUDFLARENET
136,grammarly.com,34.205.52.64,US,14618,AMAZON-AES
135,zol.com.cn,110.43.213.6,CN,23724,IDC, China Telecommunications Corporation
134,tradingview.com,31.13.94.49,AR,32934,FACEBOOK
133,rakuten.co.jp,162.125.2.5,US,19679,DROPBOX
132,researchgate.net,104.17.33.105,,13335,CLOUDFLARENET
86,tencent.com,109.244.194.121,CN,45090,Shenzhen Tencent Computer Systems Company Limited
85,twitch.tv,67.228.102.32,US,36351,SOFTLAYER
84,bbc.com,31.13.96.192,IE,32934,FACEBOOK
83,3dmgame.com,180.101.45.119,CN,4134,Chinanet
82,sogou.com,49.7.177.47,CN,23724,IDC, China Telecommunications Corporation
81,deepl.com,172.65.229.194,US,13335,CLOUDFLARENET
79,imgur.com,108.160.167.167,US,19679,DROPBOX
78,wixsite.com,31.13.94.36,AR,32934,FACEBOOK
78,youdao.com,103.74.50.106,CN,4808,China Unicom Beijing Province Network
77,ok.ru,157.240.20.18,DE,32934,FACEBOOK
76,amazon.co.jp,52.119.164.121,US,16509,AMAZON-02
75,etsy.com,69.50.221.20,US,14992,CRYSTALTECH
74,mega.nz,157.240.20.18,DE,32934,FACEBOOK
3363,gadaibpkb.online,103.15.226.122,ID,136052,PT Cloud Hosting Indonesia
3362,weekvandegeschiedenis.nl,152.160.240.147,US,54163,AHOSTING
3362,pornhub.org,66.254.114.41,US,29789,REFLECTED
3361,animeunity.tv,104.26.10.204,US,13335,CLOUDFLARENET
3361,higasiku1.net,49.212.207.147,JP,9371,SAKURA Internet Inc.
3360,dobrzewiesz.net,46.242.248.34,PL,12824,home.pl S.A.
3360,novelupdates.com,104.26.14.28,US,13335,CLOUDFLARENET
3359,szorfdeszka.hu,37.221.213.16,HU,41075,ATW Internet Kft.
3359,washington.edu,128.95.155.135,US,73,WASHINGTON-AS
3355,sphoek.com,46.30.213.49,DK,51468,One.com A/S
3354,endnote.com,23.185.0.1,US,54113,FASTLY
3354,serveurperso.com,80.12.83.251,FR,3215,Orange
3353,upload-4ever.com,172.67.152.107,US,13335,CLOUDFLARENET
3353,nicotak.com,219.94.129.183,JP,9371,SAKURA Internet Inc.
3352,almrsal.com,193.84.88.148,RU,59796,StormWall s.r.o.
3351,applianceworldonline.com,192.124.249.167,US,30148,SUCURI-SEC
3350,toomics.com,31.13.84.2,AT,32934,FACEBOOK
3339,ocgstudios.com,46.30.213.66,DK,51468,One.com A/S
3338,blog.kornemuz.com,213.186.33.4,FR,16276,OVH SAS
3338,educoder.net,121.40.10.136,CN,37963,Hangzhou Alibaba Advertising Co.,Ltd.
3337,edmunds.com,13.226.228.92,US,16509,AMAZON-02
3337,kizschool.com,50.28.38.255,US,32244,LIQUIDWEB
3336,moeero-library.com,172.67.213.166,US,13335,CLOUDFLARENET
2672,bidtheatre.com,64.225.70.160,NL,14061,DIGITALOCEAN-ASN
2672,johnlewis.com,23.223.184.59,US,16625,AKAMAI-AS
2670,bormotuhi.net,185.206.214.56,NL,204601,Zomro B.V.
2670,lightinthebox.com,148.153.88.162,US,63199,CDSC-AS1
2669,knittingforbeginners.ru,185.26.122.51,RU,62082,Hostland LTD
2668,worldhumanitarianday.org,3.211.131.121,US,14618,AMAZON-AES
2668,gay0day.com,75.126.135.131,US,36351,SOFTLAYER
2667,vfsglobal.com,15.197.142.173,US,16509,AMAZON-02
2667,muaychaiya.com,128.199.228.101,SG,14061,DIGITALOCEAN-ASN
2666,nerdwallet.com,3.211.154.6,US,14618,AMAZON-AES
2646,300mpg.org,209.87.231.53,CA,13319,S-I-S
2646,totalsportek.com,104.21.234.38,,13335,CLOUDFLARENET
2645,pioncoo.net,183.181.91.18,JP,131965,Xserver Inc.
2644,musinsa.com,52.78.36.11,KR,16509,AMAZON-02
2643,acrobat.com,18.210.111.33,US,14618,AMAZON-AES
2642,hugedomains.com,104.26.7.37,US,13335,CLOUDFLARENET
2642,nosmoking18.ru,104.21.25.85,,13335,CLOUDFLARENET
2632,wbijam.pl,54.38.195.53,FR,16276,OVH SAS
2631,bama.ir,185.143.233.103,IR,202468,Noyan Abr Arvan Co. ( Private Joint Stock)
2630,sexologistindelhi.com,184.95.45.251,US,20454,SSASN2
2630,computrabajo.com,3.228.33.23,US,14618,AMAZON-AES
2629,youla.ru,5.61.236.235,RU,47764,LLC VK
2628,cdfabric.ru,87.236.16.247,RU,198610,Beget LLC
2628,4ksj.com,101.33.32.53,HK,132203,Tencent Building, Kejizhongyi Avenue
1926,deepstatemap.live,104.26.6.133,US,13335,CLOUDFLARENET
1925,litres.ru,193.26.19.101,RU,61306,LLC LitRes
1917,11dz9d689w.ga,195.20.48.142,NL,31624,Verotel International B.V.
1917,motionarray.com,172.64.151.106,US,13335,CLOUDFLARENET
1916,bioorzo.ga,195.20.48.170,NL,31624,Verotel International B.V.
1916,tvmao.com,101.201.69.37,CN,37963,Hangzhou Alibaba Advertising Co.,Ltd.
1900,basalam.com,185.142.159.183,IR,48147,Asre Pardazeshe Ettelaate Amin Institute
1900,indebioscoop.com,185.94.230.132,NL,48635,CLDIN B.V.
2268,meiahora.info,104.21.7.31,,13335,CLOUDFLARENET
2268,matomegamer.com,183.90.250.41,JP,131965,Xserver Inc.
2267,myschoolapp.com,54.209.169.55,US,14618,AMAZON-AES
2267,sprintseo.ga,172.67.172.227,US,13335,CLOUDFLARENET
2266,nicefire.ga,172.67.220.183,US,13335,CLOUDFLARENET
2266,ntyou.cc,23.225.48.60,US,40065,CNSERVERS
2265,lequipe.fr,35.186.248.227,US,15169,GOOGLE
2265,ame1nitynot.ga,195.20.48.131,NL,31624,Verotel International B.V.
2264,brandbest.ga,103.224.182.210,AU,133618,Trellian Pty. Limited
2263,chewnew.ga,195.20.53.28,NL,31624,Verotel International B.V.
2263,subscene.com,104.21.235.115,,13335,CLOUDFLARENET
2262,honeygain.com,172.67.71.104,US,13335,CLOUDFLARENET
2261,workatlaw.com,104.236.177.32,US,14061,DIGITALOCEAN-ASN
2261,ename.net,117.25.139.79,CN,133775,Xiamen
2260,refreshnot.ga,195.20.54.220,NL,31624,Verotel International B.V.
2260,royalmail.com,77.95.81.226,DE,198949,Dc Protection Ltd
2259,ziprecruiter.com,104.16.175.190,,13335,CLOUDFLARENET
2259,admireusa.ga,172.67.152.99,US,13335,CLOUDFLARENET
2258,sydney.edu.au,20.248.131.216,AU,8075,MICROSOFT-CORP-MSN-AS-BLOCK
2258,62unv1y0qu.ga,195.20.51.97,NL,31624,Verotel International B.V.
2257,onlinenomad.ga,104.21.19.241,,13335,CLOUDFLARENET
2256,shooshtime.com,31.13.91.6,NL,32934,FACEBOOK
2255,traffic.name,104.21.80.135,,13335,CLOUDFLARENET
2254,charminc.ga,104.21.79.46,,13335,CLOUDFLARENET
1594,institute-christ-king.org,72.47.224.90,US,31815,MEDIATEMPLE
1593,awaliwa.com,121.12.125.44,CN,4134,Chinanet
1591,gate.io,185.45.7.185,IE,13414,TWITTER
1590,riotgames.com,192.237.224.60,US,19994,RACKSPACE
1590,angelnew.ga,195.20.54.104,NL,31624,Verotel International B.V.
1589,hxcy.moe,104.21.78.163,,13335,CLOUDFLARENET
1589,towerofpower.com,198.185.159.144,US,53831,SQUARESPACE
1588,znds.com,114.215.191.157,CN,37963,Hangzhou Alibaba Advertising Co.,Ltd.
1587,khouse.org,104.130.69.62,US,19994,RACKSPACE
1587,href.li,192.0.78.26,US,2635,AUTOMATTIC
1586,kamigame.jp,18.66.147.32,US,16509,AMAZON-02
1585,twidouga.net,104.22.35.85,,13335,CLOUDFLARENET
1584,lavanguardia.com,51.68.114.63,FR,16276,OVH SAS
1583,alquilerdecarrosencartagena.com,192.185.90.190,US,46606,UNIFIEDLAYER-AS-1
1583,zhaket.com,167.235.109.93,DE,24940,Hetzner Online GmbH
1582,sleekwow.ga,195.20.50.88,NL,31624,Verotel International B.V.
1582,pornhits.com,146.19.173.172,CZ,213373,IP Connect Inc
1581,weather.gov,23.1.244.20,US,16625,AKAMAI-AS
1581,fate-sn.com,18.182.173.77,JP,16509,AMAZON-02
1580,google.com.my,199.16.158.8,US,13414,TWITTER
1580,pp.ua,178.62.234.149,NL,14061,DIGITALOCEAN-ASN
1579,tobis.de,213.73.98.172,DE,34171,snafu Gesellschaft fuer interaktive Netzwerke mbH
1579,thepiratebay3.to,104.21.43.60,,13335,CLOUDFLARENET
1578,exporntoons.net,185.73.221.127,NL,32338,HOSTISERVER
1577,icl-fi.org,82.221.139.239,IS,50613,Advania Island ehf
1577,clevelandclinic.org,192.35.79.223,US,22093,CCF-NETWORK
1576,ytmp3.cc,65.49.26.98,US,60154,Connectria, LLC
1575,collinsdictionary.com,172.67.19.203,US,13335,CLOUDFLARENET
1551,mysitefeed.com,104.21.3.58,,13335,CLOUDFLARENET
1550,pochta.ru,91.215.37.237,RU,49002,JSC Russian Post
1549,mangabuddy.com,172.64.201.34,US,13335,CLOUDFLARENET
1548,e-taxes.gov.az,94.20.63.58,AZ,29049,Delta Telecom Ltd
1547,softpedia.com,64.77.16.72,US,13768,COGECO-PEER1
1547,onehourprofessor.com,104.21.24.185,,13335,CLOUDFLARENET
1546,dentalcenter.com.ua,94.23.160.204,DE,16276,OVH SAS
1546,kawunimy.com,188.42.84.106,LU,7979,SERVERS-COM
1545,c64audio.com,23.227.38.32,CA,13335,CLOUDFLARENET
1545,utis.edu.az,82.194.5.75,AZ,29584,Azedunet LLC
1544,skyscanner.net,76.223.21.241,US,16509,AMAZON-02
1543,yisu.com,110.42.6.249,CN,136188,NINGBO, ZHEJIANG Province, P.R.China.
1543,citotoetsgroep4.nl,185.182.56.18,NL,48635,CLDIN B.V.
1542,championat.com,81.19.86.5,RU,24638,Rambler Internet Holding LLC
1541,soul-kitchen.fr,213.186.33.4,FR,16276,OVH SAS
1530,korshjafarniamd.com,35.199.189.158,US,396982,GOOGLE-CLOUD-PLATFORM
1529,ultimate-guitar.com,178.18.22.152,NL,60781,LeaseWeb Netherlands B.V.
1529,magicstyle.de,89.31.143.100,DE,15598,IP Exchange GmbH
1528,tubegalore.com,31.13.70.9,US,32934,FACEBOOK
1528,ruledds.com,144.202.59.141,US,20473,AS-CHOOPA
1527,fextralife.com,172.66.43.22,US,13335,CLOUDFLARENET
1527,rosarini.com,23.227.38.32,CA,13335,CLOUDFLARENET
1526,xingyaopan.com,23.224.91.54,US,40065,CNSERVERS
1525,pdf2go.com,172.67.12.75,US,13335,CLOUDFLARENET
1524,epitrapaizoume.gr,185.138.42.30,GR,199246,ENARTIA Single Member S.A.
1524,prezi.com,75.2.83.248,US,16509,AMAZON-02
1523,standoffsystems.com,96.126.97.56,US,63949,Linode, LLC
1523,appmedia.jp,151.101.194.49,US,54113,FASTLY
1522,whiterabbitpress.com,172.67.189.130,US,13335,CLOUDFLARENET
1522,createjs.com,72.47.228.225,US,31815,MEDIATEMPLE
2688,oreno3d.com,104.21.2.219,,13335,CLOUDFLARENET
2688,impactradius-event.com,35.186.249.72,US,15169,GOOGLE
2688,hab.co.jp,210.250.188.138,JP,7668,Hokuriku Telecommunication Network Co.
2687,escortserviceindia.in,154.12.230.235,US,40021,CONTABO
2687,klarna.com,75.2.22.31,US,16509,AMAZON-02
2686,gajetdaisuke.com,95.182.121.113,RU,202984,Chernyshov Aleksandr Aleksandrovich
2686,pravda.com.ua,107.178.251.122,US,15169,GOOGLE
2685,viu.com,13.226.249.244,US,16509,AMAZON-02
2685,tonypacko.com,172.67.157.197,US,13335,CLOUDFLARENET
2684,spikereekvelocity.com,173.233.137.52,US,7979,SERVERS-COM
2684,digitaloceanspaces.com,172.67.150.24,US,13335,CLOUDFLARENET
2683,manga18.club,172.67.71.233,US,13335,CLOUDFLARENET
2683,blogspot.nl,162.220.12.226,US,8100,ASN-QUADRANET-GLOBAL
2682,securedvisit.com,52.22.130.2,US,14618,AMAZON-AES
2682,clips4sale.com,4.78.139.54,US,3356,LEVEL3
2681,thedailybeast.com,172.67.206.166,US,13335,CLOUDFLARENET
2681,use-application-dns.net,44.235.246.155,US,16509,AMAZON-02
2680,kompetensimedia.com,216.239.36.21,US,15169,GOOGLE
2680,uminet.ru,195.93.151.146,RU,44254,UMINET Ltd.
2679,enjoybirth.com,198.71.233.107,US,26496,AS-26496-GO-DADDY-COM-LLC
2678,wsfcongress.com,101.100.210.90,SG,58621,Vodien Internet Solutions Pte Ltd
2678,domestika.org,13.32.99.43,US,16509,AMAZON-02
2677,devtalk.pl,109.95.157.163,PL,48896,dhosting.pl Sp. z o.o.
2677,dhgate.com,138.113.145.168,US,54994,QUANTILNETWORKS
2676,jianguoyun.com,58.215.175.52,CN,138950,Jiangsu Wuxi International IDC network
2675,whoer.net,108.160.165.11,US,19679,DROPBOX
2666,georgetownlooprr.com,143.198.155.112,US,14061,DIGITALOCEAN-ASN
2665,thingiverse.com,151.101.130.133,US,54113,FASTLY
2664,safeinternetbanking.be,5.35.253.43,FR,8972,Host Europe GmbH
2664,majikichi.com,147.92.146.242,JP,38631,LINE Corporation
2662,gogoanimes.org,172.67.147.237,US,13335,CLOUDFLARENET
2661,daraz.lk,47.246.167.149,US,45102,Alibaba US Technology Co., Ltd.
2661,jeep-japan.com,129.9.49.63,US,14852,DCX
2660,eltiempo.es,52.49.175.129,IE,16509,AMAZON-02
2659,paytm.com,52.66.102.213,IN,16509,AMAZON-02
2658,jiyingw.vip,104.21.33.111,,13335,CLOUDFLARENET
2657,fmovies.ps,172.67.74.185,US,13335,CLOUDFLARENET
2656,1password.com,108.138.17.117,US,16509,AMAZON-02
2655,miyalingerie.com,23.227.38.65,CA,13335,CLOUDFLARENET
2655,unsw.edu.au,202.58.60.194,AU,9667,5G NETWORK OPERATIONS PTY LTD
2654,soccerstand.com,34.96.91.69,US,396982,GOOGLE-CLOUD-PLATFORM
2653,blismedia.com,162.159.134.42,,13335,CLOUDFLARENET
2653,9damaogame.net,38.145.197.78,US,18978,ENZUINC
2652,cangku.life,52.76.89.88,SG,16509,AMAZON-02
2651,thisav.com,115.126.100.160,HK,38186,Forewin Telecom Group Limited, ISP at
2651,asiankung-fu.com,35.75.96.57,JP,16509,AMAZON-02
2650,alarabiya.net,34.142.104.226,GB,396982,GOOGLE-CLOUD-PLATFORM
2649,blogterest.net,209.58.177.64,SG,59253,Leaseweb Asia Pacific pte. ltd.
2649,newyearsevenight.com,208.109.75.237,US,398101,GO-DADDY-COM-LLC
2648,theparkpeople.org,198.55.244.135,US,11989,WEBINT
2627,dongsport.com,14.17.112.61,CN,4134,Chinanet
2626,51credit.com,39.105.69.89,CN,37963,Hangzhou Alibaba Advertising Co.,Ltd.
2626,brujosnearme.com,192.185.90.208,US,46606,UNIFIEDLAYER-AS-1
2624,navajanegra.com,172.67.144.115,US,13335,CLOUDFLARENET
2624,logitech.com,107.23.199.237,US,14618,AMAZON-AES
3335,sofan.ws,74.211.102.225,US,21887,FIBER-LOGIC
3334,037hdmovie.com,172.67.73.234,US,13335,CLOUDFLARENET
3333,aprilskateboards.com,23.227.38.32,CA,13335,CLOUDFLARENET
1192,ivi.ru,80.67.43.33,RU,57629,LLC IVI.RU
1191,android.com,142.251.42.228,US,15169,GOOGLE
1190,soccerway.com,52.56.40.197,GB,16509,AMAZON-02
1189,made-in-china.com,58.217.193.7,CN,137702,Nanjing, Jiangsu Province, P.R.China.
1188,india.com,104.81.39.129,DE,16625,AKAMAI-AS
1188,herthemovie.com,44.241.175.59,US,16509,AMAZON-02
1187,gogoanime.nl,104.21.55.143,,13335,CLOUDFLARENET
1186,ysgc.cc,172.247.112.77,US,40065,CNSERVERS
1185,bscscan.com,104.26.12.158,US,13335,CLOUDFLARENET
1184,nudevista.com,74.117.179.67,US,40824,WZCOM
1183,davidlynchfoundation.org,192.124.249.9,US,30148,SUCURI-SEC
1183,infourok.ru,178.248.232.117,RU,197068,HLL LLC
1182,abc.net.au,199.96.62.17,US,13414,TWITTER
1177,sport.es,195.76.147.109,ES,3352,Telefonica De Espana S.a.u.
1177,roxanegay.com,199.16.172.20,US,2635,AUTOMATTIC
1176,pornkai.com,69.171.234.48,US,32934,FACEBOOK
1175,ecollege.com,52.4.47.53,US,14618,AMAZON-AES
1175,enfim.org,5.254.41.129,US,3223,Voxility LLP
1174,appismy.com,104.21.71.190,,13335,CLOUDFLARENET
1174,finn.no,35.228.105.46,FI,396982,GOOGLE-CLOUD-PLATFORM
1173,clarin.com,104.18.38.85,,13335,CLOUDFLARENET
1172,mexc.com,43.154.82.226,HK,132203,Tencent Building, Kejizhongyi Avenue
1171,dingtalk.com,106.11.40.32,CN,37963,Hangzhou Alibaba Advertising Co.,Ltd.
1170,adyen.com,52.28.74.199,DE,16509,AMAZON-02
1169,filehorse.com,104.20.117.116,,13335,CLOUDFLARENET
1168,socialblade.com,104.244.46.246,US,13414,TWITTER
1168,admanmedia.com,104.84.173.157,HK,16625,AKAMAI-AS
1167,apnews.com,34.96.72.156,US,396982,GOOGLE-CLOUD-PLATFORM
1166,thegamer.com,52.203.114.80,US,14618,AMAZON-AES
1166,postrelease.com,184.169.191.15,US,16509,AMAZON-02
1165,ubisoft.com,44.210.32.149,US,14618,AMAZON-AES
1164,hotels.com,104.111.208.119,JP,16625,AKAMAI-AS
1163,uber.com,34.98.127.226,US,396982,GOOGLE-CLOUD-PLATFORM
1162,cvs.com,23.10.4.206,JP,20940,Akamai International B.V.
1161,goojara.to,104.21.91.186,,13335,CLOUDFLARENET
1161,l214.com,104.20.228.29,,13335,CLOUDFLARENET
1159,momoshop.com.tw,162.125.2.5,US,19679,DROPBOX
1158,chinatimes.com,35.244.236.6,US,15169,GOOGLE
1157,movementinc.ga,195.20.48.188,NL,31624,Verotel International B.V.
1157,webex.com,64.68.121.205,US,13445,13445
1156,ansa.it,144.76.223.21,DE,24940,Hetzner Online GmbH
1155,hclips.com,67.228.102.32,US,36351,SOFTLAYER
710,mozilla.com,44.236.72.93,US,16509,AMAZON-02
707,nba.com,34.213.106.51,US,16509,AMAZON-02
706,manhuagui.com,69.63.184.142,US,32934,FACEBOOK
705,liquipedia.net,144.217.237.5,CA,16276,OVH SAS
704,mlb.com,34.102.169.19,US,396982,GOOGLE-CLOUD-PLATFORM
702,getintopc.com,45.141.156.118,BG,202580,Bimeya LTD
701,donmai.us,172.67.70.99,US,13335,CLOUDFLARENET
700,expedia.com,104.127.197.147,JP,16625,AKAMAI-AS
699,harvard.edu,151.101.66.133,US,54113,FASTLY
698,bilibili.tv,103.151.151.2,CN,140633,BILIBILI HK LIMITED
668,schoology.com,3.228.114.84,US,14618,AMAZON-AES
668,itun.es,17.110.234.45,US,714,APPLE-ENGINEERING
667,pdfdrive.com,104.26.7.150,US,13335,CLOUDFLARENET
666,canada.ca,205.193.117.159,CA,2665,CDAGOVN
666,devopsdays.org,34.168.30.71,US,396982,GOOGLE-CLOUD-PLATFORM
665,news.cn,202.108.119.193,CN,4611,CNNIC member
664,google.co.id,69.63.186.30,US,32934,FACEBOOK
612,wayfair.com,151.101.129.252,US,54113,FASTLY
611,lgyy.cc,23.225.39.67,US,40065,CNSERVERS
610,google.com.vn,202.160.130.145,SG,13414,TWITTER
609,yandex.com.tr,87.250.255.11,RU,13238,YANDEX LLC
608,premierleague.com,76.223.3.101,US,16509,AMAZON-02
607,duosecurity.com,18.66.147.30,US,16509,AMAZON-02
6618,mangaread.org,172.67.190.136,US,13335,CLOUDFLARENET
6617,larousse.fr,51.144.190.143,NL,8075,MICROSOFT-CORP-MSN-AS-BLOCK
6616,uhaul.com,69.171.84.3,US,16987,UHAUL-NET
6614,ejemplos.co,104.26.13.68,US,13335,CLOUDFLARENET
6613,resizepixel.com,184.95.52.26,US,20454,SSASN2
6612,ceping.com,124.250.100.136,CN,56048,China Mobile Communicaitons Corporation
6611,m4uhd.tv,104.26.15.248,US,13335,CLOUDFLARENET
6610,cointiply.com,107.170.230.203,US,14061,DIGITALOCEAN-ASN
6609,soapgate.org,172.67.135.97,US,13335,CLOUDFLARENET
6608,torrentdownloads.pro,104.26.12.134,US,13335,CLOUDFLARENET
6129,aniwatcher.com,104.21.37.19,,13335,CLOUDFLARENET
6129,rudderlabs.com,35.189.46.151,AU,396982,GOOGLE-CLOUD-PLATFORM
6128,ulifestyle.com.hk,18.166.148.184,HK,16509,AMAZON-02
6127,chann.net,172.67.200.252,US,13335,CLOUDFLARENET
6126,dafavip.asia,110.50.230.243,PH,18018,Gamebuilders Inc.
6126,mmechocaptiveportal.com,3.218.120.56,US,14618,AMAZON-AES
6125,cosme.net,210.129.109.21,JP,4694,IDC Frontier Inc.
6124,fontanka.ru,195.19.220.6,RU,44310,Internet Technologies LLC
6123,baomoi.com,58.187.8.9,VN,18403,FPT Telecom Company
6079,voz.vn,104.26.3.208,US,13335,CLOUDFLARENET
6078,cmxsrqa.com,13.225.78.127,US,16509,AMAZON-02
6077,filmnet.ir,212.33.196.143,IR,43754,Asiatech Data Transmission company
6076,garena.com,122.11.131.7,SG,4657,StarHub Ltd
6075,tennesseetitleloans.net,172.67.148.14,US,13335,CLOUDFLARENET
6075,xchina.co,157.240.17.14,CH,32934,FACEBOOK
6074,jdownloader.org,5.135.151.225,FR,16276,OVH SAS
6073,cyberpuerta.mx,104.20.78.215,,13335,CLOUDFLARENET
6071,baseball-mag.net,172.67.136.138,US,13335,CLOUDFLARENET
6070,animation2you.com,104.21.81.56,,13335,CLOUDFLARENET
6068,allabout.co.jp,104.74.77.21,US,16625,AKAMAI-AS
6067,lovepik.com,104.18.18.157,,13335,CLOUDFLARENET
6065,ysjdm.net,37.48.70.215,NL,60781,LeaseWeb Netherlands B.V.
5549,kanasoku.info,133.152.42.41,JP,38634,DWANGO Co.,Ltd.
5548,fapcat.com,157.240.1.9,IN,32934,FACEBOOK
5547,gaana.com,104.70.14.95,US,16625,AKAMAI-AS
5545,taylorfrancis.com,104.18.41.252,,13335,CLOUDFLARENET
5544,nbalives.tv,104.21.49.166,,13335,CLOUDFLARENET
5543,ipeksu.az,94.20.94.178,AZ,29049,Delta Telecom Ltd
5542,1xbet82.com,45.135.122.227,NL,56630,Melbikomas UAB
5541,cyberdrop.me,104.21.233.252,,13335,CLOUDFLARENET
5540,digitaling.com,43.254.106.90,CN,4812,China Telecom Group
5539,23andme.com,104.18.103.44,,13335,CLOUDFLARENET
5538,xdgame.com,23.224.75.117,US,40065,CNSERVERS
5537,seasunwbl.com,120.92.176.251,CN,4811,China Telecom Group
5535,sbis.ru,91.213.144.237,RU,39864,Company Tensor LLC
5050,edu-74.ru,178.46.133.231,RU,12389,Rostelecom
5049,pan666.cn,45.159.49.189,JP,23959,Owl Limited
5043,eba.gov.tr,85.111.38.85,TR,9121,Turk Telekom
5042,apteka.ru,178.248.238.97,RU,197068,HLL LLC
5041,tbyuantu.com,140.143.36.62,CN,45090,Shenzhen Tencent Computer Systems Company Limited
5040,bl-archive.net,172.67.165.127,US,13335,CLOUDFLARENET
5039,brex.com,147.75.40.150,NL,54825,PACKET
5039,urmombl.com,74.207.245.228,US,63949,Linode, LLC
5038,fixya.com,104.18.19.77,,13335,CLOUDFLARENET
5037,xinpianchang.com,113.31.111.111,CN,4811,China Telecom Group
4997,prensa-latina.cu,46.105.199.52,FR,16276,OVH SAS
4996,onepiecechapters.com,172.67.152.62,US,13335,CLOUDFLARENET
4993,twitcasting.tv,202.239.41.40,JP,4694,IDC Frontier Inc.
4992,pushimg.com,82.192.85.134,NL,60781,LeaseWeb Netherlands B.V.
4991,bloombergquint.com,3.33.146.110,US,16509,AMAZON-02
4489,au.com,175.129.0.108,JP,2516,KDDI CORPORATION
4488,ravm.tv,35.163.122.198,US,16509,AMAZON-02
4488,smh.com.au,103.240.180.117,PL,203020,HostRoyale Technologies Pvt Ltd
4486,ancensored.com,88.214.194.140,GB,46636,NATCOWEB
4485,my.gov.ir,78.38.239.18,IR,60148,Information Technology Company (ITC)
4455,hybrid.ai,172.67.223.91,US,13335,CLOUDFLARENET
4452,crateandbarrel.com,23.194.67.75,JP,16625,AKAMAI-AS
4451,3isk.video,104.27.205.87,US,13335,CLOUDFLARENET
4450,azbyka.ru,116.202.174.26,DE,24940,Hetzner Online GmbH
4449,codegrepper.com,45.33.64.214,US,63949,Linode, LLC
4448,fakt.pl,99.83.141.236,US,16509,AMAZON-02
4440,paydayloansexpert.com,188.166.33.156,NL,14061,DIGITALOCEAN-ASN
4439,streamsss.net,172.67.193.101,US,13335,CLOUDFLARENET
4438,syosetu.me,77.73.70.27,RU,43317,FNK LLC
4431,studfile.net,185.26.99.9,DE,44066,firstcolo GmbH
4430,lifewithalacrity.com,192.64.119.200,US,22612,NAMECHEAP-NET
4430,dazn.com,13.224.189.111,US,16509,AMAZON-02
4044,betteranime.net,185.178.208.146,RU,57724,Ddos-guard Ltd
4043,ukdevilz.com,185.73.221.157,NL,32338,HOSTISERVER
4043,seofollow.net,142.91.96.236,US,395954,LEASEWEB-USA-LAX
4042,acer.com,3.68.248.51,DE,16509,AMAZON-02
4041,kongfz.com,39.107.64.172,CN,37963,Hangzhou Alibaba Advertising Co.,Ltd.
4041,rebelsoul.net,160.153.41.5,US,398101,GO-DADDY-COM-LLC
4040,hinative.com,34.226.62.170,US,14618,AMAZON-AES
4040,naganos.net,150.95.9.230,JP,58791,GMO Internet,Inc
4039,k3ci.net,34.98.99.30,US,396982,GOOGLE-CLOUD-PLATFORM
4039,iianews.com,121.52.214.59,CN,4808,China Unicom Beijing Province Network
4038,pushlycdn.com,13.225.78.129,US,16509,AMAZON-02
4038,jonsalmon.net,198.185.159.145,US,53831,SQUARESPACE
4038,xuite.net,210.61.56.51,TW,3462,Data Communication Business Group
4037,invisiblefrisbee.net,173.230.132.135,US,63949,Linode, LLC
4037,nbd.com.cn,175.24.141.124,CN,45090,Shenzhen Tencent Computer Systems Company Limited
6135,acwifi.net,58.211.2.80,CN,140292,CHINATELECOM Jiangsu province Suzhou 5G network
6134,freshchat.com,18.66.97.108,US,16509,AMAZON-02
6093,shabakngy.com,104.21.75.58,,13335,CLOUDFLARENET
6093,lsrelayaccess.com,52.92.209.99,US,16509,AMAZON-02
6092,ilmessaggero.it,151.0.189.200,IT,12874,Fastweb
6091,komica.org,104.26.13.228,US,13335,CLOUDFLARENET
6090,extra.com,69.172.200.204,CA,19324,DOSARREST
6089,brainoff.com,208.113.185.231,US,26347,DREAMHOST-AS
6089,creately.com,13.226.210.63,US,16509,AMAZON-02
6087,msu.edu,45.60.108.246,US,19551,INCAPSULA
6086,pogo.com,23.7.137.52,US,16625,AKAMAI-AS
6085,thestar.com.my,18.139.211.27,SG,16509,AMAZON-02
6084,mileroticos.com,104.22.40.230,,13335,CLOUDFLARENET
6083,bjnews.com.cn,203.107.45.167,CN,37963,Hangzhou Alibaba Advertising Co.,Ltd.
6082,tplinkwifi.net,3.224.42.34,US,14618,AMAZON-AES
6080,arabseed.sbs,104.21.40.202,,13335,CLOUDFLARENET
6079,citedot.com,162.244.35.3,US,14576,HOSTING-SOLUTIONS
6064,steamzg.com,45.154.215.206,US,201106,Spartan Host Ltd
6063,taptapnetworks.com,75.2.70.75,US,16509,AMAZON-02
6063,pikbest.com,104.18.26.9,,13335,CLOUDFLARENET
6062,asiatech.ir,185.98.112.170,IR,43754,Asiatech Data Transmission company
6061,film2movie.asia,104.21.27.7,,13335,CLOUDFLARENET
6060,fastshare.cz,172.67.72.30,US,13335,CLOUDFLARENET
6059,desicinemas.tv,172.67.156.220,US,13335,CLOUDFLARENET
6058,mockplus.cn,121.40.151.193,CN,37963,Hangzhou Alibaba Advertising Co.,Ltd.
6057,exxen.com,44.241.161.135,US,16509,AMAZON-02
6056,openlibrary.org,103.252.115.221,SG,13414,TWITTER
6055,dizigom1.com,104.26.1.120,US,13335,CLOUDFLARENET
6054,livescience.com,151.101.66.114,US,54113,FASTLY
6053,nesaporn.com,172.67.189.186,US,13335,CLOUDFLARENET
4437,hdpornfree.xxx,31.13.95.38,ID,32934,FACEBOOK
4436,placeit.net,3.214.120.143,US,14618,AMAZON-AES
4434,revolut.com,34.107.177.87,US,396982,GOOGLE-CLOUD-PLATFORM
4433,peopleperhour.com,13.224.189.75,US,16509,AMAZON-02
4432,easeus.com,216.92.151.227,US,7859,PAIR-NETWORKS
4429,go.dev,216.239.32.21,US,15169,GOOGLE
4428,destinyitemmanager.com,172.67.133.191,US,13335,CLOUDFLARENET
4427,edupoint.com,98.175.215.3,US,22773,ASN-CXA-ALL-CCI-22773-RDC
4426,asianetnews.com,13.235.72.155,IN,16509,AMAZON-02
4424,digital-web.com,35.209.175.110,US,15169,GOOGLE
4424,pervertslut.com,91.194.110.30,LV,213166,UA-Hosting SIA
3027,skrbtai.top,199.16.156.103,US,13414,TWITTER
3026,cr173.com,221.234.40.13,CN,4134,Chinanet
3025,suning.com,218.2.112.234,CN,4134,Chinanet
3024,5yju.com,164.155.73.167,US,139330,SANREN DATA LIMITED
3023,lishixinzhi.com,49.234.133.216,CN,45090,Shenzhen Tencent Computer Systems Company Limited
3022,bahn.de,81.200.196.33,DE,25325,DB Systel GmbH
3021,gamerch.com,35.73.37.51,JP,16509,AMAZON-02
3020,skidrowcodex.net,104.21.24.71,,13335,CLOUDFLARENET
3019,b-ok.asia,199.59.149.238,US,13414,TWITTER
3018,ysdesign.jp,219.118.202.17,JP,55388,ASJ INC.
3018,avdbs.com,13.209.198.119,KR,16509,AMAZON-02
3000,movies-watch.com.pk,104.26.8.21,US,13335,CLOUDFLARENET
2999,yaklass.ru,5.188.138.206,RU,50340,OOO Network of data-centers Selectel
2998,alexdenney.com,74.208.236.232,US,8560,IONOS SE
2998,metropoles.com,104.18.25.118,,13335,CLOUDFLARENET
2997,gimytv.tv,172.67.196.14,US,13335,CLOUDFLARENET
2996,blog.ir,91.98.29.219,IR,60976,Pars Online PJS
2995,digitalspy.com,151.101.64.200,US,54113,FASTLY
2994,rentry.co,50.87.93.246,US,46606,UNIFIEDLAYER-AS-1
2993,derrk.com,76.223.27.102,US,16509,AMAZON-02
2993,dmh8.com,162.209.175.157,US,40065,CNSERVERS
2992,torqmaster.com,192.124.249.38,US,30148,SUCURI-SEC
2992,miui.com,220.181.52.135,CN,23724,IDC, China Telecommunications Corporation
2986,ldmnq.com,47.100.253.95,CN,37963,Hangzhou Alibaba Advertising Co.,Ltd.
2985,freemake.com,104.22.10.162,,13335,CLOUDFLARENET
3718,abv.bg,194.153.145.104,BG,13147,Net Info JSCo
3717,inflact.com,172.67.69.104,US,13335,CLOUDFLARENET
3717,searchlabs.com.au,3.210.158.147,US,14618,AMAZON-AES
3716,bedbathandbeyond.com,23.44.53.126,JP,20940,Akamai International B.V.
3716,siteimproveanalytics.com,172.64.172.12,US,13335,CLOUDFLARENET
3716,wirlernen.at,77.244.243.24,AT,47692,Nessus GmbH
3716,embedgooglemap.net,104.21.21.69,,13335,CLOUDFLARENET
3715,im1907.top,107.173.244.241,US,36352,AS-COLOCROSSING
3001,wnacg.com,199.16.156.11,US,13414,TWITTER
3000,prawda2.info,185.244.30.78,PL,201814,MEVSPACE sp. z o.o.
2991,monsnode.com,172.67.184.144,US,13335,CLOUDFLARENET
2991,six13.com,185.230.63.171,US,58182,Wix.com Ltd.
2990,mirrors-edge2.ru,195.216.243.116,RU,57724,Ddos-guard Ltd
2990,gogoanime.run,172.67.210.237,US,13335,CLOUDFLARENET
2989,fontawesome.com,104.18.23.52,,13335,CLOUDFLARENET
2988,shahrekhabar.com,185.83.114.113,IR,59441,NOAVARAN SHABAKEH SABZ MEHREGAN (Ltd.)
2987,livechatinc.com,23.221.22.82,US,20940,Akamai International B.V.
2987,cb78.ru,91.189.114.17,RU,48287,Jsc ru-center
2985,homebasetutor.com,104.21.53.83,,13335,CLOUDFLARENET
2984,battlerealms.cc,70.32.23.37,US,55293,A2HOSTING
2984,1337x.tw,172.67.161.103,US,13335,CLOUDFLARENET
2983,bandcamp.com,103.252.115.49,SG,13414,TWITTER
2982,u-children.ru,92.53.96.115,RU,9123,TimeWeb Ltd.
2982,chaos2ch.com,147.92.146.242,JP,38631,LINE Corporation
2981,supreme-yoga.ru,87.236.16.171,RU,198610,Beget LLC
2274,breezeseo.ga,104.21.43.193,,13335,CLOUDFLARENET
2274,emirates.com,104.92.231.51,US,16625,AKAMAI-AS
2252,incatman.ga,195.20.54.82,NL,31624,Verotel International B.V.
2252,zxcs.me,92.242.62.123,US,201192,Dilmax Corporation
2251,comprargraduadoeneso.net,172.67.168.4,US,13335,CLOUDFLARENET
2251,pokemonshowdown.com,104.22.62.197,,13335,CLOUDFLARENET
2250,blibli.com,104.18.5.182,,13335,CLOUDFLARENET
2249,binaryhub.cf,104.21.32.109,,13335,CLOUDFLARENET
2249,unity3d.com,23.200.172.49,US,16625,AKAMAI-AS
2248,ecoadri.ga,172.67.212.236,US,13335,CLOUDFLARENET
2248,google.co.il,162.125.1.8,US,19679,DROPBOX
2247,elconfidencial.com,104.244.43.231,US,54113,FASTLY
2247,topocity.ga,172.67.185.221,US,13335,CLOUDFLARENET
2246,tradeinn.com,34.120.37.77,US,396982,GOOGLE-CLOUD-PLATFORM
2245,elcomercio.pe,42.99.140.8,JP,4637,Telstra Global
2245,aqnfmzsxt3.ga,195.20.51.3,NL,31624,Verotel International B.V.
2242,sascdn.com,195.64.164.87,FR,34173,SafeBrands S.A.S.
2242,eluniversal.com.mx,104.16.142.231,,13335,CLOUDFLARENET
2242,truelawyer.in,15.207.56.190,IN,16509,AMAZON-02
2241,rahavard365.com,185.141.212.42,IR,43754,Asiatech Data Transmission company
2240,jooble.org,162.254.190.59,US,32338,HOSTISERVER
2240,benefitthe.ga,104.21.37.220,,13335,CLOUDFLARENET
2239,toyokeizai.net,202.238.151.52,JP,2497,Internet Initiative Japan Inc.
2238,iguopin.com,47.95.66.178,CN,37963,Hangzhou Alibaba Advertising Co.,Ltd.
2238,nowpillar.ga,195.20.53.105,NL,31624,Verotel International B.V.
2237,qianlong.com,116.198.3.111,CN,4808,China Unicom Beijing Province Network
2237,titulosuniversitarioscomprar.com,178.33.115.32,ES,16276,OVH SAS
2236,botseo.ga,104.21.90.221,,13335,CLOUDFLARENET
2236,web.dev,199.36.158.100,US,54113,FASTLY
2235,hentaila.tv,172.67.219.58,US,13335,CLOUDFLARENET
2234,boltseo.cf,172.67.148.201,US,13335,CLOUDFLARENET
1532,prestonhudman.com,198.54.126.127,US,22612,NAMECHEAP-NET
1532,berkeley.edu,35.163.72.93,US,16509,AMAZON-02
1531,olx.pl,13.224.189.61,US,16509,AMAZON-02
1531,smilesnw.com,137.220.35.108,US,20473,AS-CHOOPA
1530,kijiji.ca,34.98.91.248,US,396982,GOOGLE-CLOUD-PLATFORM
1522,oanazidaru.ro,104.21.54.111,,13335,CLOUDFLARENET
1522,hanime1.me,4.78.139.54,US,3356,LEVEL3
1521,laviniabiberi.com,172.67.223.11,US,13335,CLOUDFLARENET
1520,manuscriptcentral.com,54.191.178.228,US,16509,AMAZON-02
1519,avtaf.com,77.238.122.145,IR,43754,Asiatech Data Transmission company
1519,jbzd.com.pl,188.165.16.245,FR,16276,OVH SAS
1518,apofraxeisantoniou.gr,157.90.128.246,DE,24940,Hetzner Online GmbH
1518,ahrefs.com,104.18.28.112,,13335,CLOUDFLARENET
1517,ceneo.pl,185.31.26.194,PL,31621,Allegro sp. z o.o.
1516,ampli.com,23.239.201.73,US,30475,WEHOSTWEBSITES-COM
1515,jbproductions.nl,46.17.8.70,NL,25459,Dataplace B.V.
1514,brazzers.com,66.254.114.234,US,29789,REFLECTED
1513,concursolutions.com,184.29.33.164,HK,16625,AKAMAI-AS
1512,nordaccount.com,104.18.41.151,,13335,CLOUDFLARENET
1935,kookapp.cn,203.107.54.174,CN,37963,Hangzhou Alibaba Advertising Co.,Ltd.
1934,jpurecords.com,23.227.38.32,CA,13335,CLOUDFLARENET
1933,affinity.net,192.53.161.207,US,63949,Linode, LLC
1932,advantagewow.cf,195.20.48.210,NL,31624,Verotel International B.V.
1932,auone.jp,106.162.242.205,JP,2516,KDDI CORPORATION
1931,ole.com.ar,172.64.145.207,US,13335,CLOUDFLARENET
1930,netafraz.com,149.202.28.105,FR,16276,OVH SAS
1930,absoluteseo.ga,104.21.90.16,,13335,CLOUDFLARENET
1929,alltower.ga,172.67.165.68,US,13335,CLOUDFLARENET
1929,blogspot.it,104.244.46.186,US,13414,TWITTER
1899,iobit.com,54.235.251.167,US,14618,AMAZON-AES
1898,brandorzo.ga,195.20.53.45,NL,31624,Verotel International B.V.
1898,hotjob.cn,120.55.28.241,CN,37963,Hangzhou Alibaba Advertising Co.,Ltd.
1897,seoa1ble.ga,195.20.49.87,NL,31624,Verotel International B.V.
1897,shopee.sg,34.92.248.74,HK,396982,GOOGLE-CLOUD-PLATFORM
1895,51dongshi.com,1.15.247.171,CN,45090,Shenzhen Tencent Computer Systems Company Limited
1895,allsamurai.ga,195.20.51.214,NL,31624,Verotel International B.V.
1894,decidebio.ga,195.20.49.61,NL,31624,Verotel International B.V.
1894,tomsguide.com,199.232.194.114,US,54113,FASTLY
1893,mangaraw.io,77.73.70.254,RU,43317,FNK LLC
1892,eenadu.net,115.110.172.163,IN,4755,TATA Communications formerly VSNL is Leading ISP
1892,chortlenew.ga,195.20.52.197,NL,31624,Verotel International B.V.
1891,shonenjumpplus.com,52.197.45.228,JP,16509,AMAZON-02
1891,liveio.ga,195.20.55.193,NL,31624,Verotel International B.V.
1890,marketingland.com,208.80.6.76,US,47002,TIGERTECH
1890,wordwall.net,13.79.86.54,IE,8075,MICROSOFT-CORP-MSN-AS-BLOCK
1889,blogfa.com,172.67.199.151,US,13335,CLOUDFLARENET
1888,observenot.ga,195.20.49.245,NL,31624,Verotel International B.V.
1888,hpjav.tv,108.160.165.141,US,19679,DROPBOX
1887,satyathe.ga,195.20.50.4,NL,31624,Verotel International B.V.
1887,drivegoals-1.net,3.33.192.145,US,16509,AMAZON-02
1886,post.ir,91.207.138.45,IR,51241,IRAN POST Company
1886,toporama.ga,104.21.19.43,,13335,CLOUDFLARENET
1885,libgen.rs,202.160.129.6,SG,13414,TWITTER
1885,mediaalt.ga,195.20.55.5,NL,31624,Verotel International B.V.
1884,strikeone.ga,172.67.205.61,US,13335,CLOUDFLARENET
1883,xhamster2.com,104.17.167.60,,13335,CLOUDFLARENET
685,jav.guru,104.244.46.185,US,13414,TWITTER
685,stickyadstv.com,51.255.169.33,FR,16276,OVH SAS
663,salesforce.com,23.1.99.130,US,33905,Akamai International B.V.
662,mayoclinic.org,129.176.1.88,US,7973,MAYO
661,themeforest.net,104.18.40.145,,13335,CLOUDFLARENET
660,npmjs.com,104.16.92.83,,13335,CLOUDFLARENET
659,getbootstrap.com,172.67.30.148,US,13335,CLOUDFLARENET
658,xhamster.desi,104.17.167.60,,13335,CLOUDFLARENET
657,zara.com,23.44.51.218,JP,20940,Akamai International B.V.
655,oraclecloud.com,138.1.33.162,US,31898,ORACLE-BMC-31898
654,exoclick.com,87.98.253.29,FR,16276,OVH SAS
653,jut.su,104.26.11.147,US,13335,CLOUDFLARENET
652,nexon.com,52.78.145.30,KR,16509,AMAZON-02
651,squarespace.com,198.49.23.177,US,53831,SQUARESPACE
650,kugou.com,49.7.81.5,CN,23724,IDC, China Telecommunications Corporation
650,gihc.net,203.235.122.21,KR,17881,Inet Hosting, Inc.
649,pornone.com,172.67.72.49,US,13335,CLOUDFLARENET
606,redtube.com,31.13.87.34,TW,32934,FACEBOOK
605,wiktionary.org,198.35.26.96,US,14907,WIKIMEDIA
604,lazada.co.th,47.246.167.252,US,45102,Alibaba US Technology Co., Ltd.
602,bloomberg.com,199.59.149.201,US,13414,TWITTER
601,glassdoor.com,104.17.90.51,,13335,CLOUDFLARENET
600,2345.com,180.101.190.147,CN,138950,Jiangsu Wuxi International IDC network
600,wordpress.tv,192.0.78.24,US,2635,AUTOMATTIC
598,azertag.az,104.26.1.198,US,13335,CLOUDFLARENET
597,rakuten.com,216.238.190.103,US,16509,AMAZON-02
596,sberbank.ru,194.54.14.168,RU,35237,Sberbank of Russia PJSC
595,paramountplus.com,54.68.182.72,US,16509,AMAZON-02
590,hmafhczsos.com,23.106.127.150,SG,59253,Leaseweb Asia Pacific pte. ltd.
587,intuit.com,104.111.167.170,HK,16625,AKAMAI-AS
1138,fullhdfilmizlesene.pw,172.67.22.211,US,13335,CLOUDFLARENET
1136,pornhubpremium.com,31.13.86.21,IT,32934,FACEBOOK
1132,allrecipes.com,151.101.2.137,US,54113,FASTLY
1132,paintthemoon.net,104.26.9.104,US,13335,CLOUDFLARENET
3341,edenguard.fr,213.186.33.4,FR,16276,OVH SAS
3340,spriteland.com,75.2.60.5,US,16509,AMAZON-02
3340,fpo.xxx,162.125.32.13,US,19679,DROPBOX
3332,applewoodourhouse.com,107.154.152.143,US,19551,INCAPSULA
3332,casetify.com,18.213.250.18,US,14618,AMAZON-AES
3331,ulta.com,223.119.243.23,HK,58453,Level 30, Tower 1
3331,aisslinn.com,172.65.197.38,US,13335,CLOUDFLARENET
3330,7-zip.org,49.12.202.237,DE,24940,Hetzner Online GmbH
3329,groupon.com,23.194.250.124,JP,16625,AKAMAI-AS
3328,rarclouds.com,23.225.63.156,US,40065,CNSERVERS
3328,english.iifac.org,67.205.37.55,US,26347,DREAMHOST-AS
3327,realclearpolitics.com,66.240.200.101,US,10439,CARINET
3326,kisssub.org,104.21.6.228,,13335,CLOUDFLARENET
3326,gehirnwaesche.info,54.216.40.80,IE,16509,AMAZON-02
3325,esl.cz,185.59.147.165,CZ,207167,amccomp s.r.o.
3325,eggvod.cn,106.75.250.189,CN,4812,China Telecom Group
3324,wrestlingarenamedia.com,67.20.113.136,US,46606,UNIFIEDLAYER-AS-1
1908,crispthe.ga,195.20.53.159,NL,31624,Verotel International B.V.
1907,onlinedisk.ga,195.20.52.15,NL,31624,Verotel International B.V.
1906,kuis.edu.my,58.26.33.0,MY,4788,TM Net, Internet Service Provider
1906,vultr.com,108.61.13.174,US,20473,AS-CHOOPA
1905,adjust.com,178.162.216.219,DE,28753,Leaseweb Deutschland GmbH
1905,oneartistry.ga,195.20.53.131,NL,31624,Verotel International B.V.
1904,21food.cn,115.239.209.151,CN,58461,CT-HangZhou-IDC
1883,bestgauge.ga,172.67.200.214,US,13335,CLOUDFLARENET
1882,warehamforge.ca,104.193.175.192,CA,54643,IDIGITAL
1882,moe.gov.sa,91.195.89.235,SA,44689,Ministry Of Higher Education (MOHE)
1881,motorsport.com,34.239.232.200,US,14618,AMAZON-AES
1881,britflicks.com,162.13.104.139,GB,15395,Rackspace Ltd.
1880,mangatigre.net,104.21.46.5,,13335,CLOUDFLARENET
1879,google.cl,205.186.152.122,US,398110,GO-DADDY-COM-LLC
1879,onesmith.ga,195.20.49.143,NL,31624,Verotel International B.V.
1878,joinhoney.com,107.178.251.16,US,15169,GOOGLE
1877,ubc.ca,52.223.56.149,US,16509,AMAZON-02
1877,mormonchannel.org,216.49.176.83,US,19648,LDSCHURCH1
1876,sy.edu.az,82.194.5.97,AZ,29584,Azedunet LLC
1876,youtubego.com,216.239.32.29,US,15169,GOOGLE
2637,gov.pl,194.181.92.97,PL,8308,Naukowa I Akademicka Siec Komputerowa Instytut Badawczy
2637,playground.ru,212.42.38.154,RU,50313,Teslatel LLC
2636,ch1.cc,74.208.236.126,US,8560,IONOS SE
2636,pearsoncmg.com,206.31.248.91,US,30682,PEARSON-ECOLLEGE
2636,ad.gt,35.162.167.211,US,16509,AMAZON-02
2635,epidemicsound.com,18.66.122.30,US,16509,AMAZON-02
2635,arturosandoval.com,64.13.192.111,US,31815,MEDIATEMPLE
2634,wankoz.com,64.188.49.254,US,30602,ISPRIME
2633,ted.com,54.227.65.101,US,14618,AMAZON-AES
2622,torontodancesalsa.ca,104.21.52.105,,13335,CLOUDFLARENET
2622,francetvinfo.fr,193.8.206.103,FR,24843,France Televisions SA
2621,horizondatasys.com,74.84.144.49,US,14361,HOPONE-GLOBAL
2621,pdffiller.com,23.20.238.218,US,14618,AMAZON-AES
2620,kaotic.com,108.160.165.141,US,19679,DROPBOX
2619,1tamilmv.cfd,172.67.178.62,US,13335,CLOUDFLARENET
2618,cokemv.me,154.13.7.3,US,35251,Zhihua Lu
2618,affordable-papers.net,172.67.75.129,US,13335,CLOUDFLARENET
2617,elyex.com,172.67.184.216,US,13335,CLOUDFLARENET
2617,dagbladet.no,104.18.35.89,,13335,CLOUDFLARENET
2616,zoomit.ir,185.141.212.100,IR,43754,Asiatech Data Transmission company
2613,nettruyenme.com,104.22.78.207,,13335,CLOUDFLARENET
2612,sketchup.com,13.225.78.36,US,16509,AMAZON-02
1208,twittervideodownloader.com,172.67.129.87,US,13335,CLOUDFLARENET
1207,xiaomi.com,58.83.160.156,CN,56048,China Mobile Communicaitons Corporation
1204,tech21nyc.com,173.236.172.213,US,26347,DREAMHOST-AS
1204,cnki.com.cn,115.31.65.38,CN,58541,Qingdao,266000
1203,google.dz,142.251.42.227,US,15169,GOOGLE
1202,onlinesos.org,165.227.155.118,DE,14061,DIGITALOCEAN-ASN
1202,olx.ua,18.66.112.66,US,16509,AMAZON-02
1201,edenproject.com,212.110.171.84,GB,35425,Iomart Hosting Limited
1201,doyo.cn,113.31.111.225,CN,4811,China Telecom Group
1201,mediavine.com,216.239.38.21,US,15169,GOOGLE
1200,ncctvgroup.com,172.66.40.67,US,13335,CLOUDFLARENET
1154,cba.am,212.73.73.131,AM,12297,Telecom Armenia CJSC
1154,maigoo.com,120.25.160.202,CN,37963,Hangzhou Alibaba Advertising Co.,Ltd.
1153,coinpayu.com,104.26.13.26,US,13335,CLOUDFLARENET
1152,ygdy8.com,198.16.60.245,US,40065,CNSERVERS
1151,nikkei.com,31.13.82.33,JP,32934,FACEBOOK
1150,columbia.jp,210.149.52.58,JP,2497,Internet Initiative Japan Inc.
1150,dnsdomen.com,5.61.54.213,NL,58061,Scalaxy B.V.
1150,watchfreejavonline.co,104.21.73.105,,13335,CLOUDFLARENET
1149,kayak.com,151.101.193.29,US,54113,FASTLY
1148,desmos.com,54.85.152.68,US,14618,AMAZON-AES
1147,topops1.ga,195.20.55.41,NL,31624,Verotel International B.V.
1147,ctrip.com,114.80.56.121,CN,4812,China Telecom Group
1146,index.hr,104.19.142.57,,13335,CLOUDFLARENET
1145,anjuke.com,42.187.161.102,CN,45090,Shenzhen Tencent Computer Systems Company Limited
1144,mobile01.com,31.13.67.19,US,32934,FACEBOOK
1143,pastebin.com,172.67.34.170,US,13335,CLOUDFLARENET
1142,last.fm,34.96.123.111,US,396982,GOOGLE-CLOUD-PLATFORM
1141,aptrinsic.com,104.198.100.39,US,396982,GOOGLE-CLOUD-PLATFORM
1141,renrendoc.com,222.187.232.198,CN,4134,Chinanet
1141,istartedsomething.com,104.21.24.128,,13335,CLOUDFLARENET
1140,npr.org,13.224.189.99,US,16509,AMAZON-02
1140,kurzelinks.de,81.30.148.4,DE,24961,myLoc managed IT AG
1139,vseigru.net,172.67.173.251,US,13335,CLOUDFLARENET
1135,bendibao.com,218.16.123.238,CN,4134,Chinanet
1134,eepw.com.cn,119.254.84.34,CN,4847,China Networks Inter-Exchange
1133,dogdrip.net,104.16.214.8,,13335,CLOUDFLARENET
1131,battlenet.com.cn,223.252.234.102,CN,18243,5th Floor, Builidng 9, No.690 Bi Bo Road, Shanghai, China
1130,pcauto.com.cn,183.61.120.237,CN,4134,Chinanet
1129,trilltrill.jp,13.225.78.2,US,16509,AMAZON-02
2286,amz123.com,42.193.137.193,CN,45090,Shenzhen Tencent Computer Systems Company Limited
2285,chron.com,98.129.228.59,US,33070,RMH-14
2285,5vol2ao0wl.cf,195.20.48.170,NL,31624,Verotel International B.V.
2284,parspack.com,172.67.73.210,US,13335,CLOUDFLARENET
2284,ratebrand.ga,172.67.143.86,US,13335,CLOUDFLARENET
2283,bestraid.ga,172.67.141.97,US,13335,CLOUDFLARENET
2254,istream2watch.com,104.22.62.137,,13335,CLOUDFLARENET
2253,meadownot.ga,195.20.48.73,NL,31624,Verotel International B.V.
2234,mbc.net,52.4.5.236,US,14618,AMAZON-AES
2233,eaglebest.ga,195.20.54.17,NL,31624,Verotel International B.V.
3769,sputniknews.com,178.248.238.130,RU,197068,HLL LLC
3768,playbukkaku.com,46.28.105.121,CZ,197019,WEDOS Internet, a.s.
3768,polygon.com,151.101.129.52,US,54113,FASTLY
3767,pietrovalente.com,94.23.64.16,FR,16276,OVH SAS
3767,hentai-foundry.com,15.235.11.113,CA,16276,OVH SAS
3766,oliverlanguages.com,34.240.216.169,IE,16509,AMAZON-02
3766,game8.co,52.40.185.148,US,16509,AMAZON-02
3765,jwplatform.com,3.94.241.72,US,14618,AMAZON-AES
3765,gab.com,122.10.85.4,HK,55933,Cloudie Limited
3732,pgmall.my,52.163.231.212,SG,8075,MICROSOFT-CORP-MSN-AS-BLOCK
3732,blogdojuniorribeiro.com,3.33.152.147,US,16509,AMAZON-02
3731,blakademik.com,104.21.81.125,,13335,CLOUDFLARENET
3731,oppo.com,106.3.18.178,CN,23724,IDC, China Telecommunications Corporation
3730,belairexteriors.com,206.188.193.218,US,19871,NETWORK-SOLUTIONS-HOSTING
3729,tukif.com,108.160.170.33,US,19679,DROPBOX
3728,audiqueens.com,64.70.56.99,US,393340,COXAUTO
3728,foodmate.net,120.26.110.170,CN,37963,Hangzhou Alibaba Advertising Co.,Ltd.
3727,disney.com,130.211.198.204,US,396982,GOOGLE-CLOUD-PLATFORM
3727,aphroditepi.com,192.0.78.25,US,2635,AUTOMATTIC
3726,afternic.com,216.69.141.26,US,398101,GO-DADDY-COM-LLC
3725,airdroid.com,75.2.2.223,US,16509,AMAZON-02
3724,carbonblack.io,54.85.231.238,US,14618,AMAZON-AES
3724,torontoguitar.ca,199.250.221.236,US,54641,IMH-IAD
3724,kkx.net,211.99.98.77,CN,134763,CHINANET Guangdong province network
3715,ghc.us,67.199.248.13,US,396982,GOOGLE-CLOUD-PLATFORM
3714,tasteofhome.com,40.117.154.240,US,8075,MICROSOFT-CORP-MSN-AS-BLOCK
3714,dngr.us,147.182.167.182,US,14061,DIGITALOCEAN-ASN
3713,uwaterloo.ca,151.101.194.133,US,54113,FASTLY
3711,laowang984hdq.xyz,199.59.148.209,US,13414,TWITTER
3711,nekopunch.tv,202.248.89.71,JP,2510,FUJITSU LIMITED
3710,frankstoner.tv,89.107.186.22,DE,12843,TelemaxX Telekommunikation GmbH
3710,imiker.com,120.78.124.72,CN,37963,Hangzhou Alibaba Advertising Co.,Ltd.
3708,biggo.com.tw,199.16.156.38,US,13414,TWITTER
3708,press-crew.com,150.95.59.37,JP,7506,GMO Internet,Inc
3707,kopur.si,212.30.70.217,SI,5603,Telekom Slovenije, d.d.
3707,wolai.com,47.102.223.39,CN,37963,Hangzhou Alibaba Advertising Co.,Ltd.
3706,google.kz,31.13.83.2,ES,32934,FACEBOOK
3705,onmarshtompor.com,139.45.197.243,GB,9002,RETN Limited
3705,ridesurron.se,162.159.129.45,,13335,CLOUDFLARENET
3704,ad-score.com,15.197.142.173,US,16509,AMAZON-02
3704,hacktheworld.se,13.248.155.104,US,16509,AMAZON-02
3704,metamask.io,185.199.109.153,US,54113,FASTLY
3703,naughtyamerica.com,54.68.182.72,US,16509,AMAZON-02
3702,wiernislowu.pl,185.255.40.166,PL,197226,sprint S.A.
3702,g2.com,104.18.103.148,,13335,CLOUDFLARENET
3701,suchtpraevention.org,185.117.168.212,CH,200713,Zettaplan AG
3701,eldorado.ru,185.71.67.56,RU,56552,Storm Systems LLC
3700,yjwujian.cn,42.186.122.69,CN,45062,NetEase Building No.16 Ke Yun Road
3700,palazzodelleaquile.org,89.97.237.26,IT,12874,Fastweb
3699,hdchina.org,198.251.84.91,LU,53667,PONYNET
3699,butnow.org,192.0.78.25,US,2635,AUTOMATTIC
3698,gutefrage.net,18.198.149.20,DE,16509,AMAZON-02
5615,atemda.com,35.190.113.31,US,15169,GOOGLE
5615,neobux.com,104.16.12.101,,13335,CLOUDFLARENET
5614,olx.bg,13.225.78.98,US,16509,AMAZON-02
5576,15min.lt,185.11.24.12,LT,61091,UAB Diginet LTU
5575,wowroms.com,167.114.103.42,CA,16276,OVH SAS
5574,hpmarzhnny.com,23.106.127.149,SG,59253,Leaseweb Asia Pacific pte. ltd.
5573,ally.com,198.74.81.46,US,54775,ALLY-FINANCIAL
5572,mybeautifulbride.net,104.21.95.74,,13335,CLOUDFLARENET
5572,rte.ie,104.18.142.17,,13335,CLOUDFLARENET
5571,codecguide.com,172.67.202.38,US,13335,CLOUDFLARENET
5570,rthk.hk,157.240.1.50,IN,32934,FACEBOOK
5569,mango.com,13.225.78.60,US,16509,AMAZON-02
5569,asianbrides.org,172.67.190.79,US,13335,CLOUDFLARENET
5568,islamweb.net,173.236.55.172,US,32475,SINGLEHOP-LLC
5567,91mobiles.com,13.126.49.44,IN,16509,AMAZON-02
5566,goyabu.com,172.67.136.125,US,13335,CLOUDFLARENET
5565,icegay.tv,162.125.80.3,JP,19679,DROPBOX
5534,1004dake.com,172.67.151.2,US,13335,CLOUDFLARENET
5533,pornorips.com,162.125.32.15,US,19679,DROPBOX
5532,haliyy.com,23.225.206.54,US,40065,CNSERVERS
5531,cio360.net,115.182.21.64,CN,4847,China Networks Inter-Exchange
5530,sorozatbarat.club,104.21.46.198,,13335,CLOUDFLARENET
5529,tel.onl,116.203.203.206,DE,24940,Hetzner Online GmbH
5528,watchmdh.to,104.21.23.183,,13335,CLOUDFLARENET
5526,jp.net,212.18.250.170,GB,42044,CentralNic Ltd
5525,mega.co.nz,66.203.125.22,LU,203055,Datacenter Luxembourg S.A.
5524,touchcric.com,172.67.140.41,US,13335,CLOUDFLARENET
5523,treasurydirect.gov,166.123.219.80,US,13506,US-DEPARTMENT-OF-THE-TREASURY
5523,steelhousemedia.com,52.13.146.203,US,16509,AMAZON-02
5522,drivepedia.com,13.224.189.127,US,16509,AMAZON-02
5520,avclub.com,151.101.130.166,US,54113,FASTLY
5519,wifenow.net,172.67.153.224,US,13335,CLOUDFLARENET
5519,nova.rs,172.64.152.141,US,13335,CLOUDFLARENET
5518,wondershare.net,203.130.48.149,CN,54994,QUANTILNETWORKS
5517,transbank.cl,200.10.12.68,CL,16990,TRANSBANK S.A.
5516,walmart.com.mx,161.165.150.32,US,10695,WAL-MART
5515,moh.gov.sa,78.93.235.233,SA,25233,Arabian Internet & Communications Services Co.ltd
5514,yugioh-wiki.net,206.225.81.177,US,18501,CODERO-DFW
5513,iau.ir,185.143.234.120,IR,202468,Noyan Abr Arvan Co. ( Private Joint Stock)
5512,absoluteroute.com,193.200.64.20,NL,6681,Rozetka Sp. z o.o.
5511,coinmill.com,52.52.39.233,US,16509,AMAZON-02
5510,tenorshare.com,104.18.25.249,,13335,CLOUDFLARENET
5509,zenodo.org,188.184.117.155,CH,513,European Organization for Nuclear Research
5508,biqle.com,104.21.235.40,,13335,CLOUDFLARENET
5507,mgronline.com,202.43.47.145,TH,24299,Internet Solution & Service Provider Co., Ltd
5007,nytrng.com,75.2.91.175,US,16509,AMAZON-02
5007,yes24.com,61.111.13.51,KR,3786,LG DACOM Corporation
5006,tdbank.com,152.199.0.110,US,15133,EDGECAST
5005,journaldesfemmes.fr,194.169.240.7,FR,43311,CCM Benchmark Group SAS
5005,cedexis-test.com,103.243.254.42,CN,4811,China Telecom Group
5003,kapwing.com,104.18.43.149,,13335,CLOUDFLARENET
5002,dianyinggou.com,61.111.129.145,KR,138195,MOACK.Co.LTD
5001,yadongpang.net,31.13.67.33,US,32934,FACEBOOK
5000,search1.me,44.240.220.18,US,16509,AMAZON-02
4999,uncutmaza.com,172.67.202.123,US,13335,CLOUDFLARENET
4998,yesstyle.com,104.18.120.107,,13335,CLOUDFLARENET
4989,boomtrain.com,104.21.47.161,,13335,CLOUDFLARENET
4988,haronbouchannel.com,147.92.146.242,JP,38631,LINE Corporation
4987,kinogo.pub,104.21.41.249,,13335,CLOUDFLARENET
4986,sanhaostreet.com,104.233.198.10,US,54600,PEGTECHINC
4985,yidianzixun.com,118.26.222.65,CN,23724,IDC, China Telecommunications Corporation
4984,straitstimes.com,108.160.169.185,US,19679,DROPBOX
4983,tagesspiegel.de,104.19.255.3,,13335,CLOUDFLARENET
4982,pwc.com,155.201.250.61,US,20426,PWC-AS
4981,bill.com,108.59.160.10,US,31898,ORACLE-BMC-31898
4980,iwank.tv,88.85.64.24,NL,35415,Webzilla B.V.
4979,consumerreports.org,99.84.66.87,US,16509,AMAZON-02
4978,joinhandshake.com,192.0.78.166,US,2635,AUTOMATTIC
4978,avocet.io,52.49.88.232,IE,16509,AMAZON-02
4977,lukew.com,184.72.60.200,US,16509,AMAZON-02
4977,rewe.de,84.200.15.2,DE,44066,firstcolo GmbH
4976,iefimerida.gr,104.26.0.203,US,13335,CLOUDFLARENET
4975,yzrst.top,104.208.89.182,HK,8075,MICROSOFT-CORP-MSN-AS-BLOCK
4974,aax.com,162.125.2.3,US,19679,DROPBOX
4973,korrespondent.net,104.18.30.182,,13335,CLOUDFLARENET
4972,easybib.com,13.224.189.119,US,16509,AMAZON-02
4971,in.gr,213.133.127.247,DE,24940,Hetzner Online GmbH
4970,wemakeprice.com,211.233.45.178,KR,3786,LG DACOM Corporation
4969,openwrt.org,139.59.209.225,DE,14061,DIGITALOCEAN-ASN
4968,kwejk.pl,178.33.52.233,FR,16276,OVH SAS
4967,tuttosport.com,3.248.203.153,IE,16509,AMAZON-02
4966,apkdone.com,172.67.72.254,US,13335,CLOUDFLARENET
4965,rd.com,40.117.154.240,US,8075,MICROSOFT-CORP-MSN-AS-BLOCK
4964,leo.org,172.67.30.82,US,13335,CLOUDFLARENET
4963,hktvmall.com,14.198.252.96,HK,132252,12F Trans Asia Centre, 18 Kin Hong Street
4962,clipconverter.cc,162.125.32.5,US,19679,DROPBOX
1602,milenialz.com,216.239.38.21,US,15169,GOOGLE
1511,nicemovement.ga,104.21.46.29,,13335,CLOUDFLARENET
1511,umich.edu,141.211.243.251,US,36375,UMICH-AS-5
726,mos.ru,94.79.51.12,RU,8901,GKU Mosgortelecom
725,spiegel.de,162.125.17.131,US,19679,DROPBOX
725,nhs.uk,94.245.104.73,IE,8075,MICROSOFT-CORP-MSN-AS-BLOCK
724,realtor.com,44.239.145.215,US,16509,AMAZON-02
723,pornpics.com,31.13.86.21,IT,32934,FACEBOOK
721,tutorialspoint.com,168.119.212.138,UA,24940,Hetzner Online GmbH
720,directcpmfwr.com,15.197.211.11,US,16509,AMAZON-02
719,bild.de,162.125.83.1,US,19679,DROPBOX
717,manganato.com,104.26.2.67,US,13335,CLOUDFLARENET
716,britannica.com,13.229.11.41,SG,16509,AMAZON-02
715,imagetwist.com,172.64.109.12,US,13335,CLOUDFLARENET
714,66law.cn,39.107.243.96,CN,37963,Hangzhou Alibaba Advertising Co.,Ltd.
635,alicdn.com,115.238.23.240,CN,58461,CT-HangZhou-IDC
634,dood.re,172.67.68.226,US,13335,CLOUDFLARENET
633,myntra.com,23.44.53.18,JP,20940,Akamai International B.V.
632,btnull.org,104.21.41.109,,13335,CLOUDFLARENET
631,digitalocean.com,104.16.182.15,,13335,CLOUDFLARENET
630,ok.xxx,128.121.243.106,US,2914,NTT-LTD-2914
629,btsow.sbs,202.160.130.117,SG,13414,TWITTER
629,usertrust.com,91.199.212.176,GB,48447,Sectigo Limited
628,sznews.com,58.61.29.118,CN,4134,Chinanet
627,citi.com,192.193.218.80,US,32287,SOLANA-CITIPLEX
626,9anime.gs,104.21.47.173,,13335,CLOUDFLARENET
625,zhipin.com,47.93.219.89,CN,37963,Hangzhou Alibaba Advertising Co.,Ltd.
624,hm.com,23.5.255.73,US,16625,AKAMAI-AS
624,revver.com,137.184.72.230,US,14061,DIGITALOCEAN-ASN
623,gumroad.com,202.160.128.96,SG,13414,TWITTER
621,weiyun.com,183.57.48.91,CN,4134,Chinanet
620,asos.com,125.56.218.177,JP,20940,Akamai International B.V.
619,t20worldcup.com,76.223.62.79,US,16509,AMAZON-02
618,1fichier.com,5.39.224.140,FR,198792,DSTORAGE s.a.s.
617,noonoo.tv,13.107.246.71,US,8068,MICROSOFT-CORP-MSN-AS-BLOCK
616,azure.com,40.112.243.51,US,8075,MICROSOFT-CORP-MSN-AS-BLOCK
615,webofscience.com,34.208.17.72,US,16509,AMAZON-02
614,codepen.io,104.16.176.44,,13335,CLOUDFLARENET
594,businessinsider.com,202.160.128.14,SG,13414,TWITTER
593,odcoc.com,172.247.132.2,US,40065,CNSERVERS
591,ebay.com.au,209.140.136.254,US,11643,EBAY
589,livedoor.com,147.92.184.22,JP,38631,LINE Corporation
588,duolingo.com,184.72.124.184,US,14618,AMAZON-AES
586,aznude.com,174.37.54.20,US,36351,SOFTLAYER
174,cricbuzz.com,35.200.167.142,IN,396982,GOOGLE-CLOUD-PLATFORM
173,zillow.com,13.224.189.55,US,16509,AMAZON-02
172,chase.com,159.53.85.137,US,7743,JPMORGAN-AS7743
171,douyin.com,122.14.229.127,CN,23724,IDC, China Telecommunications Corporation
170,roblox.com,128.116.114.3,US,22697,ROBLOX-PRODUCTION
169,office365.com,40.71.11.169,US,8075,MICROSOFT-CORP-MSN-AS-BLOCK
168,chess.com,34.117.44.137,US,396982,GOOGLE-CLOUD-PLATFORM
167,namu.wiki,104.16.180.45,,13335,CLOUDFLARENET
165,runoob.com,203.107.44.133,CN,37963,Hangzhou Alibaba Advertising Co.,Ltd.
164,linktr.ee,128.242.245.212,US,2914,NTT-LTD-2914
163,onlyfans.com,54.158.239.243,US,14618,AMAZON-AES
162,amazon.ca,54.239.18.172,US,16509,AMAZON-02
131,dcinside.com,121.125.60.151,KR,9318,SK Broadband Co Ltd
130,docin.com,203.107.62.235,CN,37963,Hangzhou Alibaba Advertising Co.,Ltd.
129,archive.org,31.13.80.54,CA,32934,FACEBOOK
128,patreon.com,192.133.77.191,US,13414,TWITTER
127,sxyprn.com,104.244.46.93,US,13414,TWITTER
126,google.co.in,108.160.166.61,US,19679,DROPBOX
125,dropbox.com,108.160.165.141,US,19679,DROPBOX
124,google.de,157.240.0.35,DE,32934,FACEBOOK
123,fiverr.com,104.18.254.23,,13335,CLOUDFLARENET
122,wetransfer.com,54.72.237.32,IE,16509,AMAZON-02
121,medium.com,173.236.212.42,US,26347,DREAMHOST-AS
120,udemy.com,104.16.65.85,,13335,CLOUDFLARENET
119,weather.com,223.119.202.200,HK,58453,Level 30, Tower 1
118,tumblr.com,202.160.130.52,SG,13414,TWITTER
117,sciencedirect.com,162.159.130.81,,13335,CLOUDFLARENET
58,amazon.in,54.239.33.92,IE,16509,AMAZON-02
57,sohu.com,123.125.116.28,CN,4808,China Unicom Beijing Province Network
56,telegram.org,157.240.17.35,CH,32934,FACEBOOK
55,xnxx.com,128.242.245.244,US,2914,NTT-LTD-2914
54,alipay.com,110.75.129.5,CN,37963,Hangzhou Alibaba Advertising Co.,Ltd.
53,adobe.com,23.72.90.27,US,20940,Akamai International B.V.
52,tmall.com,140.205.94.193,CN,37963,Hangzhou Alibaba Advertising Co.,Ltd.
51,imdb.com,52.94.237.74,US,16509,AMAZON-02
50,douban.com,49.233.242.15,CN,45090,Shenzhen Tencent Computer Systems Company Limited
49,spankbang.com,128.242.240.189,US,2914,NTT-LTD-2914
48,ebay.com,209.140.139.232,US,11643,EBAY
47,hao123.com,110.242.69.86,CN,4837,CHINA UNICOM China169 Backbone
47,lencr.org,54.241.246.27,US,16509,AMAZON-02
46,pinterest.com,114.43.24.59,TW,3462,Data Communication Business Group
29,github.com,20.205.243.166,SG,8075,MICROSOFT-CORP-MSN-AS-BLOCK
28,sina.com.cn,49.7.37.133,CN,23724,IDC, China Telecommunications Corporation
27,weibo.com,180.149.138.246,CN,23724,IDC, China Telecommunications Corporation
26,tiktok.com,31.13.90.33,IE,32934,FACEBOOK
25,yandex.ru,77.88.55.88,RU,13238,YANDEX LLC
24,vk.com,87.240.132.67,RU,47541,VKontakte Ltd
23,pornhub.com,31.13.84.34,AT,32934,FACEBOOK
14,whatsapp.com,173.252.88.133,US,32934,FACEBOOK
13,yahoo.com,98.137.11.163,US,36647,YAHOO-GQ1
12,zhihu.com,103.41.167.234,CN,134760,Shijiazhuang IDC network, CHINANET Hebei province
11,amazon.com,52.94.236.248,US,16509,AMAZON-02
4,bilibili.com,8.134.50.24,CN,37963,Hangzhou Alibaba Advertising Co.,Ltd.
3,baidu.com,110.242.68.66,CN,4837,CHINA UNICOM China169 Backbone
2,youtube.com,31.13.94.36,AR,32934,FACEBOOK
64,spotify.com,35.186.224.25,US,15169,GOOGLE
63,1688.com,140.205.174.2,CN,37963,Hangzhou Alibaba Advertising Co.,Ltd.
62,iqiyi.com,116.211.199.232,CN,58563,CHINANET Hubei province network
60,stackoverflow.com,151.101.193.69,US,54113,FASTLY
59,zoom.us,170.114.10.89,US,14618,AMAZON-AES
45,aliexpress.com,106.11.208.2,CN,37963,Hangzhou Alibaba Advertising Co.,Ltd.
44,naver.com,223.130.195.200,KR,23576,NAVER Cloud Corp.
42,mail.ru,94.100.180.200,RU,47764,LLC VK
41,netflix.com,52.214.181.141,IE,16509,AMAZON-02
40,canva.com,104.17.115.17,,13335,CLOUDFLARENET
39,apple.com,17.253.144.10,US,714,APPLE-ENGINEERING
38,paypal.com,64.4.250.37,US,17012,PAYPAL
37,dzen.ru,62.217.160.2,RU,47764,LLC VK
36,yahoo.co.jp,183.79.250.251,JP,24572,Yahoo Japan
35,xhamster.com,157.240.8.50,AU,32934,FACEBOOK
34,t.co,104.244.42.69,US,13414,TWITTER
33,fandom.com,151.101.192.194,US,54113,FASTLY
32,google.com.hk,103.226.246.99,SG,58722,51 JALAN LANJUT
31,jd.com,211.144.27.126,CN,4808,China Unicom Beijing Province Network
30,office.com,13.107.6.156,US,8068,MICROSOFT-CORP-MSN-AS-BLOCK
22,163.com,123.58.180.8,CN,45062,NetEase Building No.16 Ke Yun Road
21,xvideos.com,185.88.181.10,NL,46652,SERVERSTACK-ASN
20,taobao.com,140.205.220.96,CN,37963,Hangzhou Alibaba Advertising Co.,Ltd.
19,linkedin.com,13.107.42.14,US,8068,MICROSOFT-CORP-MSN-AS-BLOCK
18,microsoft.com,20.84.181.62,US,8075,MICROSOFT-CORP-MSN-AS-BLOCK
17,csdn.net,39.106.226.142,CN,37963,Hangzhou Alibaba Advertising Co.,Ltd.
16,live.com,204.79.197.212,US,8068,MICROSOFT-CORP-MSN-AS-BLOCK
15,reddit.com,185.45.7.165,IE,13414,TWITTER
10,instagram.com,108.160.162.102,US,19679,DROPBOX
9,wikipedia.org,75.126.33.156,US,36351,SOFTLAYER
8,twitter.com,128.242.240.85,US,2914,NTT-LTD-2914
7,qq.com,61.129.7.47,CN,4811,China Telecom Group
6,bing.com,204.79.197.200,US,8068,MICROSOFT-CORP-MSN-AS-BLOCK
5,facebook.com,173.244.209.150,US,13213,UK-2 Limited
1,google.com,172.217.163.46,US,15169,GOOGLE
6692,doki8.com,154.204.57.42,HK,133199,SonderCloud Limited
6691,yadongshow.org,150.107.3.176,HK,64021,Network-Transit
6689,bcprm.com,185.75.252.140,NL,48684,Viking Host B.V.
6688,monster.com,208.71.193.147,US,10694,MONST-2AS
6636,yandexadexchange.net,77.88.21.90,RU,13238,YANDEX LLC
6634,vintage-erotica-forum.com,46.166.136.5,NL,43350,NForce Entertainment B.V.
6634,rubetek.com,80.87.200.161,RU,29182,JSC IOT
6633,twiigle.com,104.21.71.247,,13335,CLOUDFLARENET
6633,fos5echocaptiveportal.com,54.243.202.48,US,14618,AMAZON-AES
6632,deepfakeporn.net,199.59.148.229,US,13414,TWITTER
6631,81.cn,211.91.76.25,CN,4837,CHINA UNICOM China169 Backbone
6630,xerotica.com,108.160.167.156,US,19679,DROPBOX
6629,justanswer.com,104.130.26.195,US,27357,RACKSPACE
6628,vazhno.ru,104.21.53.21,,13335,CLOUDFLARENET
6627,seejav.work,104.21.3.200,,13335,CLOUDFLARENET
6626,soupian.app,108.160.162.115,US,19679,DROPBOX
6625,invoice-generator.com,13.226.210.109,US,16509,AMAZON-02
6624,soompi.com,216.239.34.21,US,15169,GOOGLE
6607,sflix.se,172.67.153.77,US,13335,CLOUDFLARENET
6606,f2movies.to,172.67.196.197,US,13335,CLOUDFLARENET
6605,wcoforever.net,172.67.71.190,US,13335,CLOUDFLARENET
6604,melonbooks.co.jp,163.43.81.70,JP,9370,SAKURA Internet Inc.
6604,programworld.org,172.67.153.90,US,13335,CLOUDFLARENET
6603,gnvshen.com,124.248.194.58,HK,38478,SunnyVision Limited
6601,qnb.com,104.18.183.42,,13335,CLOUDFLARENET
6601,dreamfiancee.com,104.21.27.43,,13335,CLOUDFLARENET
6600,hentaiera.com,104.21.235.165,,13335,CLOUDFLARENET
6598,yesky.com,119.3.245.74,CN,55990,Huawei Cloud Service data center
6598,mikemann.com,35.247.81.91,US,396982,GOOGLE-CLOUD-PLATFORM
6597,toyhou.se,104.26.4.239,US,13335,CLOUDFLARENET
6596,astrumnival.com,195.211.131.73,RU,21051,LLC VK
